movieCode,title,year,release_date,description,genre,director,grade,actors,poster_path,backdrop_path,youtube_url,rate
20197803,겨울왕국 2,2019,2019-11-20,"어느 날 부턴가 의문의 목소리가 엘사를 부르고, 평화로운 아렌델 왕국을 위협한다. 트롤은 모든 것은 과거에서 시작되었음을 알려주며 엘사의 힘의 비밀과 진실을 찾아 떠나야한다고 조언한다. 위험에 빠진 아렌델 왕국을 구해야만 하는 엘사와 안나는 숨겨진 과거의 진실을 찾아 크리스토프, 올라프 그리고 스벤과 함께 위험천만한 놀라운 모험을 떠나게 된다. 자신의 힘을 두려워했던 엘사는 이제 이 모험을 헤쳐나가기에 자신의 힘이 충분하다고 믿어야만 하는데…",12,크리스 벅,전체관람가,"['크리스틴 벨', '이디나 멘젤', '조시 게드', '조나단 그로프']",https://image.tmdb.org/t/p/w780//8S2AFd8DF539pxdn7TCIDqXlwRA.jpg,https://image.tmdb.org/t/p/original//xJWPZIYOEFIjZpBL7SVBGnzRYXp.jpg,https://www.youtube.com/embed/3WUw9thZR4k,8.68
20195002,블랙머니,2019,2019-11-13,"일명 서울지검 ‘막프로’! 검찰 내에서 거침없이 막 나가는 문제적 검사로 이름을 날리는 ‘양민혁’은 자신이 조사를 담당한 피의자가 자살하는 사건으로 인해 하루 아침에 벼랑 끝에 내몰린다. 억울한 누명을 벗기 위해 내막을 파헤치던 그는 피의자가 대한은행 헐값 매각사건의 중요 증인이었음을 알게 된다. 근거는 의문의 팩스 5장! 자산가치 70조 은행이 1조 7천억원에 넘어간 희대의 사건 앞에서 ‘양민혁’ 검사는 금융감독원, 대형 로펌, 해외펀드 회사가 뒤얽힌 거대한 금융 비리의 실체와 마주하게 되는데…",13,정지영,12세이상관람가,"['조진웅', '이하늬', '이경영', '강신일', '최덕문', '조한철', '허성태', '강도연', '정인기', '윤진영']",https://image.tmdb.org/t/p/w780//y4gCnKpDSvkDXzdN45WCIK52tgJ.jpg,https://image.tmdb.org/t/p/original//bwghN0FilQ73W3mA7AgiqjZ8FVY.jpg,https://www.youtube.com/embed/cfJpcDAyzqE,8.55
20181434,신의 한 수: 귀수편,2019,2019-11-07,바둑으로 모든 것을 잃은 아이 ‘귀수’ 유일하게 기대던 스승 허일도(김성균)마저 잃고 홀로 살아남아 세상을 향한 복수를 계획한다. 운명의 선택은 神의 놀음판에 있다! 자신을 사지로 내몬 냉혹한 내기바둑판으로 뛰어든 귀수(권상우)는 전국을 돌아다니며 귀신 같이 바둑을 두는 자들과 대결을 펼치는데…  사활을 건 대결! 신의 한 수를 다시 두시겠습니까?,13,리건,15세이상관람가,"['권상우', '김희원', '김성균', '허성태', '우도환', '원현준', '홍기준', '박상훈', '이서환']",https://image.tmdb.org/t/p/w780//205K07RJ2e7cscv794tGPRTU8uR.jpg,https://image.tmdb.org/t/p/original//2z1JWJ4P4PuBHITxwvzVBE1DmCQ.jpg,https://www.youtube.com/embed/L-MGk91Vf8k,8.03
20191029,82년생 김지영,2019,2019-10-23,"1982년 봄에 태어나 누군가의 딸이자 아내, 동료이자 엄마로 2019년 오늘을 살아가는 ‘지영’(정유미). 때론 어딘가 갇힌 듯 답답하기도 하지만 남편 ‘대현’(공유)과 사랑스러운 딸, 그리고 자주 만나지 못해도 항상 든든한 가족들이 ‘지영’에겐 큰 힘이다. 하지만 언젠가부터 마치 다른 사람이 된 것처럼 말하는 ‘지영’. ‘대현’은 아내가 상처 입을까 두려워 그 사실을 털어놓지 못하고 ‘지영’은 이런 ‘대현’에게 언제나 “괜찮다”라며 웃어 보이기만 하는데…",3,김도영,12세이상관람가,"['정유미', '공유', '김미경', '공민정', '박성연', '이봉련', '김성철', '이얼', '전국향', '박세현', '김미경', '손성찬', '강애심', '김정영', '예수정', '염혜란', '김해나', '어성욱']",https://image.tmdb.org/t/p/w780//vHfoYyOgDz1cHpAcky9uNHCPlAt.jpg,https://image.tmdb.org/t/p/original//gBF3mCeA9ThhFyJBsmzm4XJ1yTR.jpg,https://www.youtube.com/embed/Gz0ZeY1U4vY,6.69
20192083,터미네이터: 다크 페이트,2019,2019-10-23,"심판의 날 그 후, 뒤바뀐 미래. 새로운 인류의 희망 ‘대니’를 지키기 위해 슈퍼 솔져 ‘그레이스’가 미래에서 찾아오고, ‘대니’를 제거하기 위한 터미네이터 ‘Rev-9’의 추격이 시작된다.  최첨단 기술력으로 무장한 최강의 적 터미네이터 ‘Rev-9’의 무차별적인 공격에 쫓기기 시작하던 ‘그레이스’와 ‘대니’ 앞에 터미네이터 헌터 ‘사라 코너’가 나타나 도움을 준다. 인류의 수호자이자 기계로 강화된 슈퍼 솔져 ‘그레이스’와 ‘사라 코너’는 ‘대니’를 지키기 위해 새로운 조력자를 찾아 나서고, 터미네이터 ‘Rev-9’은 그들의 뒤를 끈질기게 추격하는데...",8,팀 밀러,15세이상관람가,"['맥켄지 데이비스', '아놀드 슈왈제네거', '린다 해밀턴', '나탈리아 레이즈', '가브리엘 루나']",https://image.tmdb.org/t/p/w780//nIoDNiWWOtCFdJRi89aFI98cdj0.jpg,https://image.tmdb.org/t/p/original//riTANvQ8GKmQbgtC1ps3OfkU43A.jpg,https://www.youtube.com/embed/eE4GPPnG1Mw,8.62
20197721,엔젤 해즈 폴른,2019,2019-08-21,"비밀 경호국 최고 요원 ‘배닝’(제라드 버틀러)의 엄호 중 '트럼불' 대통령(모건 프리먼)을 향한 초대형 규모의 드론 테러가 발생한다. 가까스로 대통령을 구하고 유일하게 살아남은 '배닝'은 완벽히 조작된 음모에 의해 대통령 암살사건의 테러범으로 지목되고, 국가 영웅은 한순간에 일급 수배자가 되어 FBI에게 쫓기게 되는데...",8,릭 로먼 워,15세이상관람가,"['제라드 버틀러', '모건 프리먼', '대니 휴스턴', '프레드릭 슈미트', '로시 윌리엄스', '파이퍼 페라보']",https://image.tmdb.org/t/p/w780//fxMT7ex1n89UJIPWEO8wtLVbFfw.jpg,https://image.tmdb.org/t/p/original//k2WyDw2NTUIWnuEs5gT7wgrCQg6.jpg,https://www.youtube.com/embed/ZcQ1lini5Rw,8.63
20190280,날씨의 아이,2019,2019-07-19,"고등학교 1학년 여름. 외딴 섬에서 가출해, 도쿄에 온 호타카. 그러나 생활은 곧 곤란해졌고, 고독한 나날의 끝에 겨우 찾아낸 일은, 수상한 오컬트 잡지의 작가 일이었다. 그의 앞날을 시사하는 듯, 연일 쏟아지는 비. 그런 가운데, 잡담으로 북적거리는 도시 한 편에서, 호타카는 한 소녀를 만난다. 어떤 사연을 안고, 남동생과 둘이서 밝고 씩씩하게 사는 소녀, 하루나. 그녀에게는, 이상한 능력이 있었다.  ""저기, 지금부터 맑아질 거야."" 조금씩 비가 그치고, 아름답게 빛나는 거리. 그것은 기도하는 것만으로, 하늘을 맑게 하는 힘이었다.",12,신카이 마코토,15세이상관람가,"['다이고 코타로', '모리 나나', '오구리 슌']",https://image.tmdb.org/t/p/w780//5lcJpPcvSJwKMHYHiSKPQCqO9DF.jpg,https://image.tmdb.org/t/p/original//ize3ZieqSy0TCWljmVoEiy8fSFS.jpg,https://www.youtube.com/embed/BvlNBtWnhLY,7.86
20198421,좀비랜드: 더블 탭,2019,2019-10-09,"좀비로 세상이 망한지 10년, 자신들만의 재능을 발휘하고 생존 규칙을 지키며 여전히 꿋꿋하게 살아가고 있는 희한한 가족 탤러해시, 콜럼버스, 위치타, 리틀록. 하지만 ‘좀비랜드’에 더욱 진화한 좀비가 나타나고 이들은 새로운 인간 생존자들과 함께 사투를 시작하는데…",8,루벤 플레셔,15세이상관람가,"['우디 해럴슨', '제시 아이젠버그', '아비게일 브레스린', '엠마 스톤']",https://image.tmdb.org/t/p/w780//1ok4v9dbalAS1AQaplFxbFmC9kb.jpg,https://image.tmdb.org/t/p/original//jCCdt0e8Xe9ttvevD4S3TSMNdH.jpg,https://www.youtube.com/embed/uPMOTPB9vTY,8.13
20196284,윤희에게,2019,2019-11-14,"갓 수능을 마친 고등학교 3학년 ‘새봄’은 우편함에서 수상한 편지를 발견한다. 일본 북해도의 어느 마을에서 엄마를 향해 날아든, 절절한 연애 편지. 엄마는 도대체 어떤 사람일까. 3년 전에 엄마와 이혼한 아빠도, 하나뿐인 삼촌도 엄마에 대해 잘 모르는 눈치다. 늘 피로에 찌들어 있고 무기력해 보이는 엄마가 답답했던 새봄은 무작정 엄마에게 같이 여행을 가자고 조른다. 엄마와 함께 편지의 발신지로 가서 엄마의 첫사랑을 만나볼 계획이다. 가서, 진짜 엄마를 만나고 올 것이다. 한편, 공장의 구내 식당에서 일하며 하루하루를 근근이 버텨나가고 있는 새봄의 엄마 ‘윤희’ 역시 뒤늦게 편지를 확인한다. 설상가상으로 느닷없이 여행을 가자는 딸의 의문스러운 성화까지 보태지자 그렇지 않아도 위태롭던 윤희의 일상은 무너져 버린다. 고심 끝에, 윤희는 결국 딸을 데리고 편지의 발신지를 향해 떠나기로 결심한다. 더 이상 운명을 피하지 않을 것이다.",4,임대형,12세이상관람가,"['김희애', '김소혜', '성유빈', '나카무라 유코', '유재명', '김학선']",https://image.tmdb.org/t/p/w780//xQexUGD06ZxFMJo9uBwqSOa9CHY.jpg,https://image.tmdb.org/t/p/original//raVnVsmdBz5Y42nqPrpR8mm1qk5.jpg,https://www.youtube.com/embed/YKV_zjAxe2E,9.17
20184341,얼굴없는 보스,2019,2019-11-21,"건달이 되면 멋진 남자로서 폼 나는 삶을 살 수 있을 거란 일념으로, 배신한 선배를 물러나게 하고 마침내 보스의 자리까지 오른 ‘상곤’. 하지만 그 일로 선배를 제낀 후배라는 오명을 쓰게 된다. 형제보다 사랑하는 동생들과 의리를 맹세하고 목숨보다 사랑하는 그녀와 행복까지 꿈꾸지만 매일매일 피바람이 불어대는 지옥과 같은 이 곳에는 건달들의 낭만 따위는 사치처럼 보이는데… 건달들이 개입된 음모와 얽히고설킨 배신 속, 가족과 동생들까지 점점 더 모든 것을 잃을 위기에 처하는 ‘상곤’. 그가 마지막까지 지키고자 했던 것은 무엇이었을까?",8,송창용,15세이상관람가,"['천정명', '진이한', '이하율', '곽희성', '이시아', '이호정', '김도훈', '김영재', '최규환', '이지훈', '이무생', '이호정', '김강일']",https://image.tmdb.org/t/p/w780//2rW0sgfExI63A3CEXMZ1hXlmyxC.jpg,https://image.tmdb.org/t/p/original//jwWRY5lxFxDqhQA3KDaLQgsak8v.jpg,,4.72
20197279,아담스 패밀리,2019,2019-10-10,"고메즈와 모티시아는 결혼식 도중에 결혼을 반대하는 사람들에게 쫓겨 달아나다가 우연히 버려진 성을 발견한다. 으스스한 그 곳을 집으로 삼고 딸 웬즈데이와 아들 퍽슬리를 키우며 살아간다. 어느 날, 아담스 가족은 평범한 동네를 방문하게 되고 사람들은 그들의 기괴한 모습과 행동에 기겁하며 달아난다. 웬즈데이가 그 동네의 학교를 다니게 되면서 파커와 친구가 되어 서로 변해 가기 시작한다. 파커의 엄마는 이상하게 달라진 파커의 모습에 아담스 가족을 괴물로 몰아가며 괴롭히기 시작한다.",12,그렉 티어넌,전체관람가,"['샤를리즈 테론', '클로이 모레츠', '오스카 아이삭', '핀 울프하드', '폼 클레멘티에프']",https://image.tmdb.org/t/p/w780//fykFaD4flUkSHZsWACnjg9Uw6eR.jpg,https://image.tmdb.org/t/p/original//ur4NTeFGZmQ6Hz5uEkAMgPI3WRg.jpg,,7.76
20199950,조커,2019,2019-10-02,"홀어머니와 사는 아서 플렉(호아킨 피닉스)은 코미디언을 꿈꾸지만 그의 삶은 좌절과 절망으로 가득 차 있다. 광대 아르바이트는 그에게 모욕을 가져다주기 일쑤고, 긴장하면 웃음을 통제할 수 없는 신경병 증세는 그를 더욱 고립시킨다. 정부 예산 긴축으로 인해 정신과 약물을 지원하던 공공의료 서비스마저 없어져 버린 어느 날, 아서는 지하철에서 시비를 걸어온 증권사 직원들에게 얻어맞던 와중에 동료가 건네준 권총으로 그들을 쏴 버리고 만다. 군중들은 지배계급에 대한 저항의 아이콘이 된 그를 추종하기 시작하며 광대 마스크로 얼굴을 가리고 거리로 쏟아져 나오기 시작하는데...",8,토드 필립스,15세이상관람가,"['호아킨 피닉스', '재지 비츠', '로버트 드 니로', '프란시스 콘로이', '브렛 컬렌']",https://image.tmdb.org/t/p/w780//wrCwH6WOvXQvVuqcKNUrLDCDxdw.jpg,https://image.tmdb.org/t/p/original//n6bUvigpRFqSwmPp1m2YADdbRBc.jpg,https://www.youtube.com/embed/5jKxSmqWyP8,8.65
20191589,말레피센트 2,2019,2019-10-16,강력한 어둠의 요정이자 무어스 숲의 수호자 ‘말레피센트’가 딸처럼 돌봐온 ‘오로라’와 필립 왕자의 결혼 약속으로 인간 왕국의 ‘잉그리스 왕비’와 대립하게 되고 이에 요정과 인간의 연합이 깨지면서 벌어지는 거대한 전쟁을 그린 판타지 블록버스터,9,요아킴 뢰닝,12세이상관람가,"['안젤리나 졸리', '엘르 패닝', '미셀 파이퍼']",https://image.tmdb.org/t/p/w780//btpvGjqLBHgRnobKGlzbBD4jzmf.jpg,https://image.tmdb.org/t/p/original//skvI4rYFrKXS73BJxWGH54Omlvv.jpg,https://www.youtube.com/embed/uhVrmXrhqZY,7.62
20193801,닥터 슬립,2019,2019-10-30,"어린시절 아버지가 남긴 트라우마에서 벗어나지 못한 대니는 자신이 가진 샤이닝 능력으로 죽음을 앞둔 이들을 돕는 닥터 슬립으로 불리며 살고 있다. 우연히 누구보다 강력한 샤이닝 능력을 지닌 12살 소녀 아브라 스톤을 만나게 되면서, 샤이닝 능력자들을 먹고 영원한 생명을 이어나가는 트루 낫이라는 비밀조직과 맞서게 되는데…",7,마이크 플래너건,15세이상관람가,"['이완 맥그리거', '레베카 퍼거슨', '카일리 커란', '제이콥 트렘블레이']",https://image.tmdb.org/t/p/w780//zcXjQEHfwuHrZKzpbrCPGnpPNtk.jpg,https://image.tmdb.org/t/p/original//1nm0sk8UUx9jHCTHuMKe2jkt4Pn.jpg,https://www.youtube.com/embed/trqSKPutkPQ,8.62
20195920,가장 보통의 연애,2019,2019-10-02,"헤어진 여친에 미련을 못 버린 ‘재훈’(김래원). 여느 때처럼 숙취로 시작한 아침, 모르는 번호의 누군가와 밤새 2시간이나 통화한 기록을 발견하게 되고 그 상대가 바로! 통성명한지 24시간도 채 되지 않은 직장 동료 ‘선영’임을 알게 된다. 남친과 뒤끝 있는 이별 중인 ‘선영’(공효진). 새로운 회사로 출근한 첫날, 할말 못할 말 쏟아내며 남친과 헤어지던 현장에 하필이면! 같은 직장의 ‘재훈’이 있던 것을 알게 된다. 만난지 하루만에 일보다 서로의 연애사를 더 잘 알게 된 두 사람. 하지만 미묘한 긴장과 어색함도 잠시 ‘한심하다’, ‘어이없다’ 부딪히면서도 마음이 쓰이는 건 왜 그럴까?",4,김한결,15세이상관람가,"['김래원', '공효진', '강기영', '정웅인', '장소연', '주민경', '오동민', '이채은', '손영순', '손성찬', '차엽', '윤경호']",https://image.tmdb.org/t/p/w780//dgzWcjIr47ezx9wwji7yf2RCOTp.jpg,https://image.tmdb.org/t/p/original//6LbyjsGNZXT697ZL6CvTqJPeIDB.jpg,https://www.youtube.com/embed/0zLiVIAUTCA,7.84
20192589,빅 위시,2019,2019-10-24,"일년에 딱 한번, 산 사람들이 그리운 사람을 만날 수 있는 ‘죽은자의 날’ 부모님을 찾고 싶은 ‘코코’도 제단을 만들지만 왜인지 할머니는 ‘코코’가 부모님을 찾지 못하게 한다.  할머니를 이해할 수 없는 ‘코코’는 부모님을 찾기 위해 금지 된 ‘비밀의 성’으로 모험을 떠나고, 그 곳에서 부모님의 비밀을 알고 있는 사악한 교수 ‘몰레트’를 만나는데… 놀랍고 신비로운 모험이 기다리고 있는 죽은자들의 세상! 과연 ‘코코’는 그리운 부모님을 만날 수 있을까?",10,,전체관람가,,https://image.tmdb.org/t/p/w780//qOPRylUBxmT7ah9lmh1NnlRVUv1.jpg,https://image.tmdb.org/t/p/original//kUT6KlqGxWMFZ1oBIeogDX7fPS.jpg,,5.05
20196136,람보 : 라스트 워,2019,2019-09-19,"36년간 수많은 전쟁터의 중심에서 치열하게 싸운 '존 람보'. 지옥 같은 전쟁 트라우마에서 벗어나 평화로운 시간을 보내는 것도 잠시, 딸처럼 여겼던 옆집 소녀가 멕시코 카르텔에게 납치된다. ‘람보’는 자신의 전투 본능과 살인 무기를 총동원해 자비 없이 적들을 처단하기 시작하는데...",8,애드리언 그런버그,청소년관람불가,"['실베스터 스탤론', '파즈 베가', '세르지오 페리스-멘체타']",https://image.tmdb.org/t/p/w780//5f1hwyCxTjOUnrT23n6skqQeUD9.jpg,https://image.tmdb.org/t/p/original//spYx9XQFODuqEVoPpvaJI1ksAVt.jpg,https://www.youtube.com/embed/aVDBL8k-nJk,8.69
20198184,빅 2: 황금열쇠 대소동,2017,2018-08-31,"북극을 지키고 새로운 왕이 된 ‘빅’에게 뉴욕의 모든 문을 열 수 있는 만능황금열쇠를 선물한다는 소식이 전해진다. ‘빅’은 귀요미 ‘레밍스’ 삼총사, 그리고 아들 ‘퀸’과 함께 뉴욕으로 떠나고, 우려와 다르게 모두를 감동시키는 연설을 하며 국민 곰이 된다. 하지만 그 날 저녁, 은행의 금고가 털리는 사건이 발생하고 황금열쇠를 가지고 있는 ‘빅’이 도둑으로 의심받는다. 하루 아침에 영웅에서 악당이 된 ‘빅’! ‘빅’은 억울한 누명을 벗기 위해 북극 친구들과 함께 진짜 범인을 찾기 시작하는데…",12,,전체관람가,"['서반석', '김보나', '이다은', '최정윤']",https://image.tmdb.org/t/p/w780//wQuWHhcBZNlU4WqFcMQG1d1cI56.jpg,https://image.tmdb.org/t/p/original//nvp54siZbqpckAAkVShnhLyZhgS.jpg,,6.88
20184483,퍼펙트맨,2019,2019-10-02,"퍼펙트한 인생을 위해 한탕을 꿈꾸는 건달 ‘영기’(조진웅). 조직 보스의 돈 7억을 빼돌려 주식에 투자하지만, 사기꾼에게 속아 주식은 휴지조각이 되고 만다. 목숨을 부지하기 위해 어떻게든 7억을 구해야 하는 ‘영기’ 앞에 까칠한 로펌 대표 ‘장수’(설경구)가 나타난다. 두 달 시한부의 ‘장수’는 자신이 해야 할 일들을 대신해주는 조건으로 영기에게 자신의 사망보험금을 내건 빅딜을 제안하는데…",11,용수,15세이상관람가,"['설경구', '조진웅', '허준호', '진선규', '지승현', '김사랑', '최지안', '윤진영']",https://image.tmdb.org/t/p/w780//vylayT2ddcXDcmUJlZdgNp6kdXw.jpg,https://image.tmdb.org/t/p/original//5KLnIcaTdDeoyiSGBSVW5m3xD8M.jpg,https://www.youtube.com/embed/gH6BVcn6Sbg,7.86
20185361,두번할까요,2019,2019-10-17,"꿈꿔왔던 싱글라이프 ‘현우’. 쪽팔림을 무릅쓰고 감행했던 이혼식 후, 드디어 싱글라이프 입성! 꿈꿔왔던 자유를 되찾은 것도 잠시... 엑스와이프 '선영'이 다시 돌아왔다. 게다가 옛 친구 '상철'까지 달고! 원치않던 싱글라이프 ‘선영’. 꼭 해야만(?)했던 이혼식 후, 어쩌다 보니 싱글라이프 입성! 원수 같던 '현우'와 헤어지긴 했지만 그 없이는 어려운 일 투성이다. 그러던 어느 날, 모든 게 완벽한 '상철'이 나타났다! 끝내고픈 싱글라이프 ‘상철’. 이상형 '선영'과의 강렬한(!) 만남 후, 잘만하면 싱글라이프 청산 가능! 얼굴, 능력 다 되지만 연애는 어떻게 하는 건지 도통 모르겠다. 별 수 없이 연애 상담을 위해 '현우'를 찾아가는데... 다시 얽혀버린 세 남녀의 출구 없는 싱글라이프가 펼쳐진다!",11,박용집,15세이상관람가,"['권상우', '이정현', '이종혁', '성동일', '정상훈', '김현숙', '박경혜', '구성환', '김근영']",https://image.tmdb.org/t/p/w780//3TgcV7kk9ZPabuk5NxMuge0Z0Kr.jpg,https://image.tmdb.org/t/p/original//5VuOfqtXiX7ubqyAwaM7CpKYvav.jpg,https://www.youtube.com/embed/6Jqi_Yc9_wk,5.06
20197054,빅트립: 아기팬더 배달 대모험,2019,2019-04-27,"혼자 조용히 지내는 게 가장 편한 까칠한 집돌이 곰 '믹믹' 앞에 어느 날, 엄마에게 배달되어야 할 귀염뽀짝 아기 팬더가 잘못 배송된다. 사고를 해결하기 위해 호기심지수 200% 천방지축 트러블 메이커 '오스카'(토끼), 부리에 엔진을 장착한 투머치토커 '듀크'(펠리칸), 겁 많은 두 얼굴의 쫄보 '야누스'(늑대), 꽃을 사랑하는 외로운 감성시인 '아무르'(호랑이)까지 합류하면서 야생 월드 역사상 가장 확실한 서비스의 애니멀 특송단이 완성되고, 아기 팬더의 엄마를 찾아주기 위한 이들의 거대한 모험이 시작되는데… 아기 팬더의 엄마를 찾기 위해 배달의 동물들이 떴다!",12,바실리 로벤스키,전체관람가,"['한으뜸', '장다운', '이창민', '서반석', '박성영', '김보나', '고구인']",https://image.tmdb.org/t/p/w780//c5fWzhMLOFrgKiuyTgDZlmS3YPJ.jpg,https://image.tmdb.org/t/p/original//2hFglgvKIW8nj52PW9YMQZSMHYn.jpg,,7.63
20198961,더 킹: 헨리 5세,2019,2019-10-11,"잉글랜드 왕의 후계자가 될 생각은 조금도 없는 방탕한 왕자, 할(티모시 샬라메). 그는 왕궁을 등진 채 민중들과 어울려 지내고 있다. 하지만 아버지가 돌아가신 후, 장남인 그는 헨리 5세로 즉위하고, 그동안 그토록 피하고 싶었던 삶을 살 수밖에 없다. 왕궁 내 정치와 혼란, 아버지가 남긴 전쟁을 이끌어가야 하는 젊은 왕. 뿐만 아니라, 그는 가장 친한 친구이자 멘토, 이제는 늙은 알코올중독자가 되어버린 기사 존 폴스타프(조엘 에저턴)를 포함해, 과거의 삶과 관련된 감정들로 괴로워한다.",3,데이비드 미쇼,청소년관람불가,"['티모시 샬라메', '조엘 에저튼', '숀 해리스']",https://image.tmdb.org/t/p/w780//lmDWUkKhCvhBwLTX0I6ZEiirk7x.jpg,https://image.tmdb.org/t/p/original//r0AWsZ9dBvC2No3kND9nxv3iRbb.jpg,https://www.youtube.com/embed/iX_9QIw49tM,8.57
20191183,제미니 맨,2019,2019-10-02,"최강의 요원 헨리(윌 스미스)는 자신과 완벽하게 닮은 의문의 요원(윌 스미스)에게 맹렬한 추격을 당한다. 한편 헨리와 이제 막 동료가 된 대니(메리 엘리자베스 윈스티드), 헨리의 오랜 동료 배런(베네딕트 웡)은 의문의 요원에게 이상한 낌새를 느끼고 정체를 파헤치기 시작하고, 그가 헨리의 DNA를 추출해 탄생한 ‘제미니 프로젝트’ 요원임을 알게 된다. 헨리의 전성기와 너무나 완벽하게 닮은 한 사람을 만나 충격에 빠지는 헨리와 동료들. 그들은 ‘제미니 프로젝트’를 파괴하기 위한 작전을 시작하는데…",8,이안,12세이상관람가,"['윌 스미스', '메리 엘리자베스 윈스티드', '클라이브 오웬', '베네딕트 웡']",https://image.tmdb.org/t/p/w780//avT0fOGqsu5ctQVhWv3FvWwzxgV.jpg,https://image.tmdb.org/t/p/original//c3F4P2oauA7IQmy4hM0OmRt2W7d.jpg,https://www.youtube.com/embed/ACPkdwESgfI,6.68
20194223,너를 만난 여름,2019,2019-06-06,"열일곱, 모든 게 서툴고 어설프지만 모든 게 좋았던 시간.  너 ♡ 나 = 최고의 우리  내가 가장 좋아하는 계절은  ‘너를 만난 여름’",3,장적사,12세이상관람가,,https://image.tmdb.org/t/p/w780//2s8qdpT1ZZJp06woNC5MG7aRKO.jpg,https://image.tmdb.org/t/p/original//nG9x06K7lEkzYo8fluscti92V5H.jpg,https://www.youtube.com/embed/Voy8AhoxY04,8.20
20193601,장사리 : 잊혀진 영웅들,2019,2019-09-25,"인천상륙작전 D-1, ‘이명준’ 대위가 이끄는 유격대와 전투 경험이 없는 학도병들을 태운 문산호는 인천상륙작전의 양동작전인 장사상륙작전을 위해 장사리로 향한다. 평균나이 17세, 훈련기간 단 2주에 불과했던 772명 학도병들이 악천후 속에서 소나기처럼 쏟아지는 총알을 맞으며 상륙을 시도하는데…",16,곽경택,12세이상관람가,"['김명민', '최민호', '김성철', '김인권', '곽시양', '메간 폭스', '조지 이즈', '장지건', '이재욱', '이호정', '동방우', '김미화', '정종준']",https://image.tmdb.org/t/p/w780//G7oRsHKAwe1S9yM1IcfcUSRNnb.jpg,https://image.tmdb.org/t/p/original//5Dm6jAygwwx4Dd254sMIQZ0jwox.jpg,https://www.youtube.com/embed/XdWotCJ6OG8,8.28
20183407,버티고,2019,2019-10-17,"현기증 나는 고층빌딩 숲 사무실에서 매일을 위태롭게 버티고 있는 30대 직장인 ‘서영’(천우희), 안정적인 삶을 원하지만 현실은 속수무책으로 흔들거린다. 불안정한 계약직 생활, 비밀사내 연애 중인 연인 ‘진수’(유태오)와의 불안한 관계, 밤마다 시달리는 엄마의 전화까지... 더 이상 버틸 수 없다고 느낀 그녀가 무너져내릴 때, 창 밖에서 로프에 매달린 채 그녀를 지켜보는 남자 ‘관우’(정재광)를 마주하게 된다. “괜찮아요, 당신은 절대 떨어지지 않아요”",3,전계수,15세이상관람가,"['천우희', '유태오', '정재광']",https://image.tmdb.org/t/p/w780//j7eK3iXbM9RyirCwVOJbxmY0rWC.jpg,https://image.tmdb.org/t/p/original//yWJzisJgSOa2Lt2i0b50Q1W4pFj.jpg,https://www.youtube.com/embed/lsEm98ZCPME,6.27
20196380,몬스터 하우스,2017,2006-07-21,"우리 앞집이 살아있는 괴물?!  질풍노도의 시기에 접어든 주인공 디제이는 요즘 들어 부쩍 앞집이 수상하단 생각을 떨칠 수 없다. 성질 고약한 네버크래커(스티브 부세미)가 사는 그집 근처에만 가면 야구공에서 자전거까지 몽땅 사라져 버리기 때문. 심지어 자기 부인을 살찌워서 잡아먹었단 소문까지…  할로윈 전날, 디제이와 단짝 친구 차우더는 앞집 카페트가 차우더의 배구공을 낼름! 삼키는 장면을 목격하고, 하마터면 집한테 잡아먹힐 뻔했던 새침떼기 제니까지 가세, 앞집의 비밀을 폭로하려 하지만 아무도 믿어주지 않은 채 하나 둘씩 희생자만 늘어간다.  영원히 사랑받고 싶었던 마음과 45년을 지켜온 사랑의 비밀… 이제 몬스터 하우스의 비밀이 밝혀진다!  마침내 앞집이 악령이 깃든 괴물같은 집, ‘몬스터 하우스’란 사실을 깨달은 순간, 할로윈 달빛 아래 깨어난 몬스터 하우스가 거리를 닥치는대로 휘저으며 질주하기 시작한다. 바로 그때 디제이, 챠우더, 제니 앞에 나타난 의외의 인물은 영원히 사랑받고 싶은 욕심과 45년간 지켜온 사랑의 비밀이 담긴 몬스터 하우스의 과거를 알려주는데…",12,피터 레페니오티스,전체관람가,,https://image.tmdb.org/t/p/w780//dt1XQLQUsoL0iGTiEqBnIrLgjU1.jpg,https://image.tmdb.org/t/p/original//pYiqbhfyz7QVik4JyImFbjYq5hM.jpg,,8.00
20195941,소피와 드래곤: 마법책의 비밀,2018,2018-08-23,"평화로운 왕국의 말괄량이 공주 ‘소피’. 언제나 명랑해 보이지만 어릴 적 잃어버린 엄마를 매일 그리워하는, 외로운 소녀이기도 하다. 일곱 살 생일을 맞이한 어느 날 ‘소피’는 호시탐탐 왕의 자리를 노리는 ‘발타샤’의 눈을 피해 궁전 안에서 놀거리를 찾던 중 신비한 마법의 책을 발견한다! 호기심에 가득 찬 ‘소피’가 마법의 책을 펼치자 풍덩! 책 속으로 빠져 들어가게 되고, 신기한 동물과 아름다운 식물로 가득한 환상의 세계로 건너가 꼬마 드래곤 ‘드랙스’를 만나게 된다!  매일 밤 마법의 책 속으로 들어가 드래곤 ‘드랙스’와 뛰놀던 ‘소피’는 원하는 모든 것을 보여 준다는 마법 거울의 비밀을 알게 되는데… ‘소피’는 과연 마법 거울로 사라진 엄마를 찾고  ‘발타샤’로부터 왕국을 지켜낼 수 있을까?!",12,마리나 네페도바,전체관람가,"['정유정', '김명준', '현경수', '홍승효', '이상호', '임채헌', '김다올', '강성우']",https://image.tmdb.org/t/p/w780//qmPEQ7nXe8gLybi5y92cZa8qKNb.jpg,https://image.tmdb.org/t/p/original//fryB9DApUwB0zEdlZtDH1RefHuD.jpg,,4.23
20197691,잃어버린 세계를 찾아서,2019,2008-01-27,"쥴 베르느의 세계적 베스트셀러 ‘지저탐험(지구 속 여행)’을 원작으로 한 스펙터클 대작!  ‘내셔널 트레저’ ‘인디아나 존스’ ‘미이라’... 그리고 지금 세계로부터 지구 중심으로 향한 더욱 위험하고 장대한 모험이 시작된다!!  세계의 모험가들이 꿈꿔 온 고대의 전설..일 년에 한 번 태양의 빛이 가리키는 수수께끼의 동굴에 지구 밑바닥 깊은 곳, 지구의 중심으로 이어지는 길이 있다. 그곳에는 상상을 뛰어넘는 세계가 기다리고 있는데...",12,크리스 버틀러,전체관람가,"['휴 잭맨', '조 샐다나', '자크 갈리피아나키스', '엠마 톰슨']",https://image.tmdb.org/t/p/w780//ub9DfwfRe8SAM4fA3zO3RakK8IA.jpg,https://image.tmdb.org/t/p/original//wenm0LwcRIx6a8EZ2cy5L3RAU5j.jpg,,8.33
20184243,판소리 복서,2019,2019-10-09,한때 복싱 챔피언 유망주로 화려하게 주목 받던 전직 프로복서 ‘병구’(엄태구). 그러나 한 순간의 지울 수 없는 실수로 복싱협회에서 영구 제명이 되어버린 그는 ‘박관장’(김희원)의 배려로 체육관의 허드렛일을 도맡아 하며 살아가고 있다. 다시 복싱을 시작하려는 마음은 있지만 설상가상 뇌세포가 손상되는 ‘펀치드렁크(punchdrunk)’ 진단까지 받게 된 ‘병구’. 어느 날 ‘병구’가 뿌린 전단지를 들고 체육관을 찾은 신입관원 ‘민지’(이혜리)는 복싱에 대한 ‘병구’의 순수한 열정을 발견하고 그의 든든한 지원군이 되어준다. ‘민지’의 응원에 잊고 있었던 미완의 꿈이자 자신만의 스타일인 ‘판소리 복싱’을 완성하기로 결심한 ‘병구’는 생애 마지막이 될지도 모를 가장 무모한 도전을 시작한다.,11,정혁기,12세이상관람가,"['엄태구', '이혜리', '김희원', '최준영', '이설', '최덕문', '임한빈', '손석배', '손영순', '임성미']",https://image.tmdb.org/t/p/w780//7HCywDeVq3VIklnS5c3YlXPLspk.jpg,https://image.tmdb.org/t/p/original//ttrd2GDw4ULDukbSJOAAhG5AZf1.jpg,https://www.youtube.com/embed/DDiIaFpPjxY,6.10
20199446,원스 어폰 어 타임... 인 할리우드,2019,2019-07-25,"1969년 할리우드, 잊혀져 가는 액션스타 ‘릭 달튼’과 그의 스턴트 배우 겸 매니저인 ‘클리프 부스’는 과거의 영광을 되찾기 위해 고군분투하지만 새로운 스타들에 밀려 큰 성과를 거두진 못한다. 그러던 어느 날 ‘릭’의 옆집에 할리우드에서 가장 핫한 ‘로만 폴란스키’ 감독과 배우 ‘샤론 테이트’ 부부가 이사 오자 ‘릭’은 새로운 기회가 생길 수도 있다고 기뻐하지만 인사조차 나누지 못한다. 형편상 더 이상 함께 일할 수 없게 된 ‘릭’과 ‘클리프’는 각자의 길을 가기로 하고 ‘릭’의 집에서 술을 거나하게 마시던 중 뜻하지 않은 낯선 방문객을 맞이하게 되는데…",3,쿠엔틴 타란티노,청소년관람불가,"['레오나르도 디카프리오', '브래드 피트', '마고 로비', '에밀 허쉬', '마가렛 퀄리', '티모시 올리펀트', '줄리아 버터스', '오스틴 버틀러', '다코타 패닝', '브루스 던', '마이크 모', '루크 페리', '데미안 루이스', '알 파치노', '커트 러셀', '조 벨']",https://image.tmdb.org/t/p/w780//1F2rDT1oNdvMyXF7gxbGxaXCzrz.jpg,https://image.tmdb.org/t/p/original//nGJpQCAn2NKeDoEflLI5DIvsqoQ.jpg,https://www.youtube.com/embed/dXoAkZ3t9Q8,7.63
20194456,양자물리학,2019,2019-09-25,"‘생각이 현실을 만든다’라는 양자물리학적 신념을 인생의 모토로 삼은 유흥계의 화타 ‘이찬우’. 어느 날 유명 연예인이 연루된 마약 파티 사건을 눈치챈다. “불법 없이! 탈세 없이!” 이 바닥에서도 혁신이 일어나야 한다고 믿는 그는 오랫동안 알고지낸 범죄정보과 계장 ‘박기헌’에게 이 정보를 흘린다. 단순한 사건이라고 생각했던 마약파티가 연예계는 물론 검찰, 정치계까지 연루된 거대한 마약 스캔들임을 알게 된 '이찬우'. 이제는 살기 위해 거대 권력과 맞서야 하는 상황. '이찬우’는 ‘박기헌’ 계장을 비롯해 황금인맥을 자랑하는 업계 퀸 ‘성은영’ 등 업계 에이스들과 함께 이 사건을 파헤치기로 한다. 9월, 부패 권력에 통쾌하게 맞서라! 생각은 현실을 만드니까!",13,이성태,15세이상관람가,"['박해수', '서예지', '김상호', '김응수', '변희봉', '김영재', '이창훈', '임철수', '현봉식', '주석태', '손종학', '박성연', '김동현']",https://image.tmdb.org/t/p/w780//kMFdasG55nPSRZh2OlMqvFxo6o0.jpg,https://image.tmdb.org/t/p/original//bP7HWzB4ZuNIkKMJgxdUqPSj3kk.jpg,https://www.youtube.com/embed/FPN3MZEnT5M,8.29
20188750,나쁜 녀석들: 더 무비,2019,2019-09-11,"교도소 호송차량이 전복되고 최악의 범죄자들이 탈주하는 사상 초유의 사건이 발생한다. 이에 경찰은 수감 중인 범죄자가 흉악범을 잡는 극비 프로젝트인 ‘특수범죄수사과’를 다시 소집한다. ‘오구탁’(김상중) 반장은 과거 함께 활약했던 전설의 주먹 ‘박웅철’(마동석)을 찾아가고, 감성 사기꾼 ‘곽노순’(김아중)과 전직 형사 ‘고유성’(장기용)을 영입해 새로운 팀을 구성한다. 새로운 멤버들이 합류해 더욱 강력하고 치밀하고 독해진 나쁜 녀석들. 이 사건을 파헤칠수록 배후에 거대한 범죄조직이 있다는 것을 직감한 그들은 더 나쁜 놈들을 소탕하기 위해 움직이기 시작하는데…",13,손용호,15세이상관람가,"['마동석', '김상중', '김아중', '장기용', '강예원', '김대영', '박형수', '김혜윤', '손성찬']",https://image.tmdb.org/t/p/w780//tKaXyzUDXaWRWj5XC96Ousr9lJV.jpg,https://image.tmdb.org/t/p/original//rv3I0XnncLrZWCO6SUk0OeOtq8a.jpg,https://www.youtube.com/embed/1OJZSa5258A,6.44
20192982,애드 아스트라,2019,2019-09-17,"희망과 갈등이 공존하는 가까운 미래. 인류를 위협하는 이상 현상이 발생한다. 우주사령부로부터 호출을 받은 로이 맥브라이드(브래드 피트)는 지구에 닥친 전기 폭풍이 실은 지적 생명체를 찾아 태양계로 향한 리마 프로젝트와 관련 있다는 얘기를 듣는다. 리마 프로젝트를 수행했던 대장은 로이의 아버지 클리프 맥브라이드(토미 리 존스). 프로젝트 수행 도중 아버지가 사망한 것으로 알았던 로이는 살아 있을지도 모를 아버지를 만나기 위해, 인류를 위협하는 이상 현상을 해결하기 위해 우주로 향하는데...",15,제임스 그레이,12세이상관람가,"['브래드 피트', '토미 리 존스', '리브 타일러', '루스 네가', '도날드 서덜랜드']",https://image.tmdb.org/t/p/w780//37M8j1nwMs8wu2H2tMtDjqhTSnd.jpg,https://image.tmdb.org/t/p/original//p3TCqUDoVsrIm8fHK9KOTfWnDjZ.jpg,https://www.youtube.com/embed/v8C0VHuUHw0,7.25
20184572,타짜: 원 아이드 잭,2019,2019-09-11,"전설적인 타짜 짝귀의 아들이자 고시생인 일출(박정민)은 공부에는 흥미가 없지만 포커판에서는 날고 기는 실력자다. 포커판에서 우연히 알게 된 마돈나(최유화)의 묘한 매력에 빠져든 일출은 그녀의 곁을 지키는 이상무(윤제문)에게 속아 포커의 쓴맛을 제대로 배운다. 돈도 잃고 자존심까지 무너진 채 벼랑 끝에 몰린 그의 앞에 정체불명의 타짜 애꾸(류승범)가 나타난다. 50억이 걸린 거대한 판을 설계한 애꾸는 전국에서 타짜들을 불러모은다. 무엇이든 될 수 있고, 누구든 이길 수 있는 원 아이드 잭 팀으로 모인 이들, 인생을 바꿀 새로운 판에 뛰어드는데...",13,권오광,청소년관람불가,"['박정민', '류승범', '최유화', '우현', '윤제문', '이광수', '임지연', '권해효', '이창훈', '오동민', '현봉식', '장준휘', '오혜원']",https://image.tmdb.org/t/p/w780//aebY0aGAP7Od5qs3k6PXEVIMwYD.jpg,https://image.tmdb.org/t/p/original//uw7gbC7VWeuIgEd7gHUTcy0WNwQ.jpg,https://www.youtube.com/embed/XUzDs59sUXY,5.35
20193807,예스터데이,2019,2002-06-13,"1990년. 여섯 명의 아이들이 갑자기 사라진다. 같은 시기 국방부는 최고의 과학자들을 모아 극비의 프로젝트를 진행시킨다. 그리고 30년 뒤...  2020년, 통일 한반도. 은퇴 과학자들만을 노린 연쇄 살인사건이 발생, 현장의 흔적들을 샅샅이 감식해내는 첨단장비와 남북을 대표하는 최고의 특수수사대(SI)가 투입된다. 하지만 이를 조롱하듯 범인은 현장마다 자신만의 펜던트를 남기고 심지어 SI의 리더 석의 아들마저 납치한다. 현장에서 범인의 부하를 사살하는 석. 그러나 그의 옷 속에 안겨 있던 자신의 아들마저 죽이는데...  한편, 인터시티 한복판에서 경찰의 수뇌부인 경찰청장이 삼엄한 경호 속에 납치된다. 현장에 남겨진 범인의 펜던트. 청장의 딸인 범죄심리분석관 희수가 수사팀에 합류하고 석은 그녀가 자신과 같은 두통을 앓고 있으며 두 사람 모두 어린 시절의 기억을 잃어버렸다는 것을 알게 되는데... 그리고 돌연 석에게 드는 의심. 범인은 자신과 희수를 만나게 하기 위해 이 모든 범죄를 벌인 것은 아닐까? 석과 희수의 지워진 기억, 골리앗의 가공할 살인능력, 잇따른 과학자들의 죽음. 이 모든 의문의 패스워드는 바로 ‘yesterday'...",3,대니 보일,12세이상관람가,"['히메쉬 파텔', '릴리 제임스', '케이트 맥키넌', '에드 시런', '제임스 코든', '아나 디 아르마스']",https://image.tmdb.org/t/p/w780//c5arIh7rb08kSW9XjHOrG8DBEbs.jpg,https://image.tmdb.org/t/p/original//xDq93Xa5guryHlcEXmQeuunNkbH.jpg,,6.50
20187322,"힘을 내요, 미스터 리",2019,2019-09-11,"훤칠한 키, 잘생긴 얼굴. 부정할 수 없이 멋진 남자 철수(차승원)에게는 비밀이 있다. 칼국수집에서 일하는 묘한 매력의 이 남자에게 졸지에 딸이라 불리는 아이 샛별(엄채영)이 나타나면서 의외의 일들이 벌어진다. 철수와 샛별의 예기치 않은 동행은 둘의 관계, 그리고 철수의 과거에 대한 미스터리를 하나둘씩 밝혀가는 여정이 된다.",11,이계벽,12세이상관람가,"['차승원', '엄채영', '박해준', '김혜옥', '안길강', '전혜빈', '류한비', '조한철', '성지루', '안민영', '정준원']",https://image.tmdb.org/t/p/w780//kl0HnWS6DuVX9A6RfUXo4ixBB6i.jpg,https://image.tmdb.org/t/p/original//cGHXejfZuMkJ4PjRQwxzJ5DmFug.jpg,https://www.youtube.com/embed/mmQPdXo_PLI,7.57
20195968,더 룸,2019,2003-06-27,,5,크리스티앙 볼크만,15세이상관람가,['올가 쿠릴렌코'],https://image.tmdb.org/t/p/w780//aUC39cFC2KO8CJ0EV0ijIJRr3PT.jpg,https://image.tmdb.org/t/p/original//mz4lKE1bPRGOeoC14bf09SJw1tu.jpg,,7.70
20193821,극장판 헬로카봇 : 달나라를 구해줘!,2019,,,12,최신규,전체관람가,"['이지현', '김용준', '양정화', '조경이', '사문영', '엄상현', '민아', '김상백', '김두용', '시영준', '이현']",,,,7.51
20192804,그것: 두 번째 이야기,2019,2019-09-04,"27년마다 아이들이 사라지는 마을 데리, 또 다시 ‘그것’이 나타났다. 27년 전, 가장 무서워하는 것의 모습으로 나타나 아이들을 잡아먹는 그것 페니와이즈에 맞섰던 ‘루저 클럽’ 친구들은 어른이 되어도 더 커져만 가는 그것의 공포를 끝내기 위해 피할 수 없는 마지막 대결에 나선다.",7,안드레스 무시에티,15세이상관람가,"['제임스 맥어보이', '제시카 차스테인', '빌 헤이더', '제이 라이언', '제임스 랜슨', '이사야 무스타파', '앤디 빈', '빌 스카스가드', '하비에르 보텟', '자비에 돌란']",https://image.tmdb.org/t/p/w780//kkkS7NYPY4QZcZY6vfkAx0vjJRa.jpg,https://image.tmdb.org/t/p/original//8moTOzunF7p40oR5XhlDvJckOSW.jpg,https://www.youtube.com/embed/CBxQdsfreSU,6.21
20184621,엑시트,2019,2019-07-31,"대학교 산악 동아리 에이스 출신이지만 졸업 후 몇 년째 취업 실패로 눈칫밥만 먹는 용남은 온 가족이 참석한 어머니의 칠순 잔치에서 연회장 직원으로 취업한 동아리 후배 의주를 만난다. 어색한 재회도 잠시, 칠순 잔치가 무르익던 중 의문의 연기가 빌딩에서 피어 오르며 피할 새도 없이 순식간에 서울 도심은 유독가스로 뒤덮여 일대혼란에 휩싸이게 된다. 용남과 의주는 산악 동아리 시절 쌓아 뒀던 모든 체력과 스킬을 동원해 탈출을 향한 기지를 발휘하기 시작하는데…",11,이상근,12세이상관람가,"['조정석', '윤아', '고두심', '박인환', '김지영', '강기영', '오희준', '배유람', '유수빈', '조성희', '주보비', '김강현', '정민성', '박성일', '신세휘', '김경룡', '김강훈']",https://image.tmdb.org/t/p/w780//kwCvv1QYjooAqIOBWf7pOrRSmrt.jpg,https://image.tmdb.org/t/p/original//cxM5ifGuXvuqYM7B0cgrLw08F4R.jpg,https://www.youtube.com/embed/M2_7wzCXun8,8.30
20181103,벌새,2018,2019-08-29,"성수대교가 무너졌던 1994년, 중학생 은희는 방앗간을 하는 부모님 그리고 언니, 오빠와 함께 살고 있다. 온 가족이 자신들의 문제와 싸우고 있을 동안, 은희는 오지 않을 사랑을 찾아 섬처럼 떠다닌다. 이런 은희의 삶에, 그녀를 이해해주는 유일한 어른이 찾아온다.",3,김보라,15세이상관람가,"['박지후', '김새벽', '정인기', '이승연', '박수연', '손용범', '박서윤', '길해연', '손상연', '설혜인']",https://image.tmdb.org/t/p/w780//caDME6PhhRrIbIMg31TUXrWu3sR.jpg,https://image.tmdb.org/t/p/original//f67vlmQx6yjYoqj4Qsi1estJJWN.jpg,https://www.youtube.com/embed/oZx04hjEZCE,8.90
20181416,유열의 음악앨범,2019,2019-08-28,"1994년 가수 유열이 라디오 DJ를 처음 진행하던 날, 엄마가 남겨준 빵집에서 일하던 미수(김고은)는 우연히 찾아 온 현우(정해인)를 만나 설레는 감정을 느끼게 되지만 뜻하지 않은 사건으로 인해 연락이 끊기게 된다. 다시 기적처럼 마주친 두 사람은 설렘과 애틋함 사이에서 마음을 키워 가지만 서로의 상황과 시간은 자꾸 어긋나기만 한다. 계속되는 엇갈림 속에서도 라디오 ‘유열의 음악앨범’과 함께 우연과 필연을 반복하는 두 사람… 함께 듣던 라디오처럼 그들은 서로의 주파수를 맞출 수 있을까?",4,정지우,12세이상관람가,"['김고은', '정해인', '박해준', '김국희', '정유진', '최준영', '심달기', '나철', '권은수', '박세현', '김한나']",https://image.tmdb.org/t/p/w780//rt8yDvXSnk9CMDJeNYh9lv6kPMt.jpg,https://image.tmdb.org/t/p/original//8ap8Ty2OD3Xginrk1fxgRZpjRv9.jpg,https://www.youtube.com/embed/YfEfNRW9oEQ,6.09
20194045,극장판 반지의 비밀일기,2019,,,12,한승우,전체관람가,"['방연지', '김선혜', '조경이', '채민지', '조진숙', '홍범기']",,,,9.01
20196850,분노의 질주: 홉스&쇼,2019,2019-08-01,"이상한 약물에 의해 강력한 파워를 얻게 된 아나키스트 브릭스턴 로어(이드리스 엘바)는 인류를 천천히, 그리고 영원히 다른 존재로 바꿔버릴 수 있는 생화학무기를 손에 넣고 자신은 진화형 인간이 된다. 그런데 데카드 쇼(제이슨 스타뎀)의 동생이자 M16 요원인 해티 쇼(바네사 커비)가 치명적인 병원균이 들어 있는 실린더를 브릭스턴의 손에서 훔쳐 달아난다. 양국으로부터 해티의 행방을 찾아달라는 명령을 받은 루크(드웨인 존슨)와 데카드는 유전자 조작으로 사실상 파괴 불가능한 존재가 되어버린 브릭스턴을 상대로 힘겨운 싸움도 이겨나가야 하는데...",8,데이빗 레이치,12세이상관람가,"['드웨인 존슨', '제이슨 스타뎀', '이드리스 엘바', '바네사 커비']",https://image.tmdb.org/t/p/w780//vr11CuzFEdNyjIZxVt4bQ9p6iyf.jpg,https://image.tmdb.org/t/p/original//qAhedRxRYWZAgZ8O8pHIl6QHdD7.jpg,https://www.youtube.com/embed/8qg9A_vUH38,7.84
20184543,변신,2019,2019-08-21,사람의 모습으로 변신하는 악마가 우리 가족 안에 숨어들면서 기이하고 섬뜩한 사건들이 벌어진다. 서로 의심하고 증오하고 분노하는 가운데 구마 사제인 삼촌 '중수'가 예고없이 찾아오는데…,2,김홍선,15세이상관람가,"['배성우', '성동일', '장영남', '김혜준', '조이현', '김강훈', '정윤하']",https://image.tmdb.org/t/p/w780//3EphHAIU36cIeFxHAwjdET3ibDp.jpg,https://image.tmdb.org/t/p/original//ptxMkt6fp2tbbtB4HTLKrlk8Dup.jpg,https://www.youtube.com/embed/mZEhR68Y8N0,6.80
20193665,47미터 2,2019,,,2,요하네스 로버츠,15세이상관람가,"['소피 넬리스', '코린 폭스', '브리안느 쥬', '시스틴 로즈 스탤론']",,,,7.01
20184462,봉오동 전투,2019,2019-08-07,"1919년 3.1운동 이후 봉오동 일대에서 독립군의 무장항쟁이 활발해진다. 일본은 신식 무기로 무장한 월강추격대를 필두로 독립군 토벌 작전을 시작하고, 독립군은 불리한 상황을 이겨내기 위해 봉오동 지형을 활용해 유인책을 펼치기로 한다. 항일대도를 휘두르는 비범한 칼솜씨의 해철(유해진)과 발 빠른 독립군 1분대장 장하(류준열) 그리고 해철의 오른팔이자 날쌘 저격수 병구(조우진)는 일본군의 빗발치는 총탄과 포위망을 뚫고 죽음의 골짜기로 맹렬히 돌진한다. 계곡과 능선을 넘나들며 귀신같은 움직임과 예측할 수 없는 지략을 펼치는 독립군의 활약에 일본군은 당황하기 시작하는데... 1920년 6월, 역사에 기록된 독립군의 첫 승리 봉오동 죽음의 골짜기에 묻혔던 이야기가 지금부터 시작된다.",6,원신연,15세이상관람가,"['유해진', '류준열', '조우진', '키타무라 카즈키', '이케우치 히로유키', '박지환', '최유화', '성유빈', '이재인', '다이고 코타로', '고민시', '지웅배', '양현민', '김기태', '김규백']",https://image.tmdb.org/t/p/w780//ua8YWgZ1kN3H6pnQ1U45I4QkFVA.jpg,https://image.tmdb.org/t/p/original//4l04tYm7MEjc8OrdhynKwgzMpBQ.jpg,https://www.youtube.com/embed/m1A8CPG9HKM,7.90
20194541,안녕 베일리,2019,2019-05-03,"환생만 벌써 5번째! 도무지 끝날 줄 모르는 ‘베일리’의 삶에 새로운 미션이 생겼다?! 바로 ‘이든’의 작은 베이비 ‘씨제이’를 돌보는 것. 소꿉놀이도 해야 하고 위험한 곳에 들어가면 짖어서 알려줘야 하고, ‘씨제이’와 함께 해야 할 일이 너무나도 많이 남았는데 ‘씨제이’는 ‘베일리’와 ‘이든’의 곁을 떠나 도시로 향한다. 7년 후 ‘몰리’로 다시 태어난 ‘베일리’는 우여곡절 끝에 ‘씨제이’의 집으로 입양되고 ‘씨제이’가 행복할 때, 슬플 때, 외로울 때 항상 옆에 있어준다. 주유소의 ‘빅독’으로 다시 태어난 ‘베일리’. ‘씨제이’를 만나기만을 기다리지만 우연히 만나게 된 ‘씨제이’는 ‘베일리’를 알아보지 못하고 떠나버린다. 킁킁킁… 어디서 ‘씨제이’ 냄새 안나요? ‘맥스’로 환생한 ‘베일리’는 오직 일견단심 ‘씨제이’를 기다리던 중 유기견 입양소에서 드디어 ‘씨제이’를 다시 만나게 된다. 인생은 길고 견생은 짧다는데, 저 녀석을 끝까지 지켜줄 수 있을까?",1,게일 맨쿠소,전체관람가,"['조시 게드', '데니스 퀘이드', '캐서린 프레스콧', '마그 헬젠버거', '베티 길핀', '헨리', '애비 라이더 포트슨']",https://image.tmdb.org/t/p/w780//eeSXArYcWGI0ubSrQ45XelaGx2V.jpg,https://image.tmdb.org/t/p/original//71hIkBtvXhvRVh6HdE28CXaNNRz.jpg,https://www.youtube.com/embed/szy3x7H-L1I,9.38
20185985,광대들: 풍문조작단,2019,2019-08-21,조선 팔도를 무대로 풍문을 조작하고 민심을 뒤흔드는 광대패 5인방. 어느 날 조선 최고의 권력자 ‘한명회’로부터 조카를 죽이고 왕이 된 ‘세조’의 미담을 만들어내라는 명을 받는다. 광대패의 리더 ‘덕호’와 무리들은 목숨을 걸고 지금껏 듣지도 보지도 못한 놀라운 판을 짜기 시작하는데…,6,김주호,12세이상관람가,"['조진웅', '손현주', '박희순', '고창석', '최원영', '김슬기', '윤박', '김민석', '장남열', '김희찬', '최귀화', '정인기', '백수희', '정윤하', '정아미']",https://image.tmdb.org/t/p/w780//5rPt1T9RdjF7SoKI8AxmK3p38lr.jpg,https://image.tmdb.org/t/p/original//1CjVLe3aIVqB9ylZgN0PIY0X2VZ.jpg,https://www.youtube.com/embed/lja6Xj8AYXo,6.36
20194384,안나,2018,2020-12-31,송혜교를 중심으로 몇몇 여성 캐릭터들이 만들어가는 이야기,8,뤽 베송,15세이상관람가,"['사샤 루스', '킬리언 머피', '루크 에반스', '헬렌 미렌']",https://image.tmdb.org/t/p/w780/None,https://image.tmdb.org/t/p/original/None,,0.00
20171021,커런트 워,2017,2019-07-26,"1,093개의 특허, 노력의 아이콘, 타고난 천재 발명가! 당신이 알던 에디슨은 더 이상 없다. 천재적 사업가이자 괴짜 승부사! 누구나 알지만 아무도 몰랐던 그의 진짜 전쟁이 시작된다! 쇼맨십의 천재 ‘에디슨’과 상상력의 천재 ‘테슬라’ 그리고 협상의 천재 ‘인설’과 비즈니스의 천재 ‘웨스팅하우스’까지. 4명의 천재, 3번의 격돌, 2개의 전류, 1명만이 역사가 된다!",3,알폰소 고메즈-레존,12세이상관람가,"['베네딕트 컴버배치', '마이클 섀넌', '니콜라스 홀트', '톰 홀랜드', '캐서린 워터스턴']",https://image.tmdb.org/t/p/w780//b4UcwvmpPy9YUEP6A3bNfh84XI8.jpg,https://image.tmdb.org/t/p/original//uvIs2CYJ39ABFQKZ9UVbXE5Vmww.jpg,,7.78
20198323,레드슈즈,2019,2019-07-25,"사건 사고가 끊이지 않는 동화의 섬. 사라진 아빠를 찾던 화이트 왕국의 공주는 우연히 마법구두를 신고 이전과 완벽하게 다른 ‘레드슈즈’로 거듭난다. 한편, 초록색 난쟁이가 된 일곱 왕자들은 우연히 자신들의 집에 머물게 된 '레드슈즈’가 저주를 풀 유일한 희망이라 생각해 그녀를 돕기 시작하고, 영원한 아름다움을 꿈꾸는 왕비 ‘레지나’는 마법구두를 신고 성을 빠져나간 ‘레드슈즈’를 쫓기 시작하는데…",12,홍성호,전체관람가,"['클로이 모레츠', '샘 클라플린', '지나 거손', '패트릭 워버튼', '짐 래쉬', '아바 콜커']",https://image.tmdb.org/t/p/w780//3yZ54uGQ4HxEbpNVO565mU1xagp.jpg,https://image.tmdb.org/t/p/original//bga3i5jcejBekr2FCGJga1fYCh.jpg,https://www.youtube.com/embed/f8KJe8VOwmU,9.23
20182241,"안녕, 티라노: 영원히, 함께",2019,2019-08-14,"어떤 사연인지 육식을 하지 않는 거대한 덩치의 육식공룡 티라노와 익룡인데 하늘을 날지 못하는 프논이 우연히 만나 ‘천국’을 찾아가는 여정을 함께 하는 동안 서로의 차이와 다름을 인정하고 서로에게 소중한 존재가 된다는 감동적인 스토리를 축으로, 감초 같은 조연 캐릭터들이 등장해 재미를 더하고 액션과 스펙타클한 장면까지 등장하는 종합선물세트.",12,시즈노 코분,전체관람가,"['시영준', '정혜원', '이세은', '이현', '김지혜', '박영진', '김준현']",https://image.tmdb.org/t/p/w780//v0Ae8a4qKR9WX4NdM6YNPBV8nm7.jpg,https://image.tmdb.org/t/p/original//cjx1OOqMzOYo2R9HVrgTdMewcKz.jpg,https://www.youtube.com/embed/mR6hDNeB6yc,7.49
20183844,마이펫의 이중생활 2,2019,2019-05-24,집을 비우면 다시 시작되는 펫들의 시크릿 라이프!  집구석 걱정에 하루도 편할 날이 없는 ‘맥스’ 캣닢을 사랑하는 자유로운 영혼 ‘클로이’ 슈퍼히어로를 따라 하는 토끼 ‘스노우볼’ 완벽하게 고양이가 되고픈 강아지 ‘기젯’까지 아직도 나만 몰랐던 마이펫들의 속마음이 공개된다!  “우릴 키운다고? 그건 니 생각이고~”,12,크리스 리노드,전체관람가,"['패튼 오스왈트', '케빈 하트', '에릭 스톤스트릿', '제니 슬레이트', '티파니 해디쉬', '레이크 벨', '해리슨 포드']",https://image.tmdb.org/t/p/w780//wiqA4SaY4ndT0TD75CDz4cEKfe3.jpg,https://image.tmdb.org/t/p/original//5mFcjZ58f9Pqg5RNv493XlfgzIX.jpg,https://www.youtube.com/embed/PFulOSUTtG8,8.77
20191604,애프터,2019,2019-08-09,,3,제니 게이지,15세이상관람가,"['히어로 파인즈 티핀', '조세핀 랭포드', '셀마 블레어', '제니퍼 빌즈', '피터 갤러거', '피아 미아']",https://image.tmdb.org/t/p/w780//yFLIAWYSB87toA8znkCrEXwKLO3.jpg,https://image.tmdb.org/t/p/original//lmGjhhVlmulHCBZs8OANapElHj5.jpg,,7.21
20188404,암전,2018,2019-08-15,"감독 지망생 미정(서예지)은 시나리오 완성 압박에 시달린다. 미정은 ‘귀신이 찍었다’는 괴담이 나도는 무서운 영화 에 관한 소문을 듣고 영화를 찍은 감독 재현(진선규)을 찾아 나선다. 재현은 함부로 파헤치지 말라고 강력하게 경고하지만 데뷔가 절박한 미정은 끈질긴 탐문 끝에 숨겨진 영화 의 영상 자료를 발견하고 끝내 시나리오를 완성한다. 하지만 기쁨도 잠시, 얼마 뒤 미정 주변에 이상한 일들이 끊임없이 벌어지기 시작한다.",5,김진원,15세이상관람가,"['서예지', '진선규', '김보라', '차엽']",https://image.tmdb.org/t/p/w780//491m2wG5uNzF253woglS7S8F7g2.jpg,https://image.tmdb.org/t/p/original//9bOEzrrxz8piPcXU1TKv8dGEMJ4.jpg,https://www.youtube.com/embed/ndH9btsh-XE,4.76
20180442,사자,2018,2019-07-31,"어린 시절 아버지의 갑작스런 죽음으로 신의 존재를 부정하고 자기 자신만 믿기로 한 용후. 세월이 흘러 세계 격투기 챔피언이 된 용후는 어느 날 자신의 손바닥에 생긴 성흔을 발견한다. 고통스런 성흔을 없애기 위해 안 신부를 찾아간 용후는 구마 의식 중인 안 신부를 만나고, 위기에 처한 안신부를 자신의 성흔과 격투기 실력으로 구하게 된다. 용후는 자신의 능력을 부인하면서도, 점차 성흔의 힘을 알게 되고, 안신부와의 유대감도 조금씩 깊어지며, 구마동행을 하게 된다. 사악한 절대 악 ‘지신’은 안 신부와 용후가 구마했던 민주를 결국 죽이고, 앞으로도 더 많은 사람들을 이용하며 사람들을 죽일 계획을 세운다. 안신부와 용후는 지신을 처단하려 하지만, 안신부는 지신의 공격을 받고 죽을 위기에 처하고, 용후는 거부하던 신의 힘을 받아들이고 지신과 맞서는데…",5,김주환,15세이상관람가,"['박서준', '안성기', '우도환', '이승준', '최우식', '박진주', '박지현', '정지훈', '이승희', '심희섭', '이찬유', '김시은', '김선민', '정의순', '김범수', '박재홍', '차시원', '류경수', '서정연', '장세아', '배현성', '이설', '이수인', '이정현', '김근영', '최홍일', '한혜지']",https://image.tmdb.org/t/p/w780//mIYX1mfBqX9SsDB6k10AFAiRp2Z.jpg,https://image.tmdb.org/t/p/original//7cGsa6sqTFsrws322p0QaIe7GUX.jpg,https://www.youtube.com/embed/7kTIXO18Hrc,6.89
20187959,원더랜드,2019,2020-12-31,다양한 인물들의 이야기를 그리는 영화.,12,딜런 브라운,전체관람가,"['소연', '장민혁', '안장혁', '안소이', '변영희', '홍진욱', '정재헌', '최덕희', '오인성', '제니퍼 가너', '밀라 쿠니스', '켄 정', '브리아나 덴스키', '케난 톰슨', '존 올리버', '켄 허드슨 캠벨', '노버트 리오 버츠', '매튜 브로데릭']",https://image.tmdb.org/t/p/w780/None,https://image.tmdb.org/t/p/original/None,,8.40
20183867,알라딘,2018,2019-05-22,알라딘(메나 마수드)은 전광석화 같은 손놀림과 타고난 삼십육계 줄행랑을 고루 갖춘 아그라바 왕국의 좀도둑이다. 원숭이 친구 아부를 대동한 채 굶주림에 고통받는 아이들을 못 본 척하지 않는 게 그의 인간적인 매력. 어느 날 아그라바 왕국을 다스리는 술탄이 애지중지하는 딸 자스민 공주(나오미 스콧)가 백성들을 살피기 위해 성 밖으로 나왔다가 빵을 훔쳤다는 누명을 쓰게 된다. 마침 그 광경을 목격한 알라딘은 자스민 공주를 위기에서 구해준다. 자스민 공주가 왕궁에서 일하는 시녀인 줄 알고 그녀를 보러 성 안에 들어간 알라딘은 재상 자파에게 붙잡히고 마는데...,9,가이 리치,전체관람가,"['메나 마수드', '윌 스미스', '나오미 스콧']",https://image.tmdb.org/t/p/w780//cELHkolvQLCDGXiuZLJ2XzvynCt.jpg,https://image.tmdb.org/t/p/original//rVqY0Bo4Npf6EIONUROxjYAJfmD.jpg,https://www.youtube.com/embed/KrM3vS5sy2w,9.38
20193275,브링 더 소울 : 더 무비,2019,2019-08-07,"2018년 방탄소년단 월드 투어 ‘러브 유어셀프’(BTS WORLD TOUR ‘LOVE YOURSELF’) 당시, 서울을 시작으로 수많은 도시를 지나 파리에서 유럽 투어의 기나긴 대장정을 마친 방탄소년단이 투어를 마친 다음 날, 파리의 작은 루프탑 테이블에서 그들만의 작은 뒷풀이를 담아낸 영화",18,박준수,전체관람가,"['김남준', '김석진', '민윤기', '정호석', '박지민', '김태형', '전정국']",https://image.tmdb.org/t/p/w780//oCxZ2zcGNY6g1ihXEJNDfnmnqRj.jpg,https://image.tmdb.org/t/p/original//nQRTynJcXF5GRcyEHF09yZIuQ7F.jpg,,9.14
20175771,라이온 킹,2018,2019-07-12,"혈통을 이어받은 사자가 왕국을 다스리는 아프리카의 프라이드 랜드, 무파사(제임스 얼 존스)의 아들 심바(도널드 글로버)는 왕좌를 물려받기로 예정되어 있다. 하지만 탐욕스런 무파사의 동생 스카(치웨텔 에지오포)가 자신의 형제를 죽이고, 마치 그 원인이 심바에게 있는 것처럼 분위기를 조장해 그를 왕국에서 쫓아낸다. 아버지의 죽음에 대한 죄책감에 시달리던 심바는 의욕 충만한 친구들 품바와 티몬의 도움으로 희망을 되찾는다. 어느 날 우연히 옛 친구 날라를 만난 심바는 과거를 마주할 용기를 얻고, 진정한 자신의 모습을 찾아 위대하고도 험난한 도전을 떠나게 되는데...",9,존 파브로,전체관람가,"['도날드 글로버', '비욘세 놀즈', '제임스 얼 존스', '치웨텔 에지오포', '세스 로건']",https://image.tmdb.org/t/p/w780//qlBePshN1ujPwm27JzT6bP6XVeR.jpg,https://image.tmdb.org/t/p/original//nRXO2SnOA75OsWhNhXstHB8ZmI3.jpg,https://www.youtube.com/embed/WkQ8AJWohIU,8.27
20191741,앵그리 버드 2: 독수리 왕국의 침공,2019,2019-08-02,호시탐탐 알을 탐내는 식신돼마왕 ‘레너드’를 물리치고 아싸에서 인싸가 된 버드 아일랜드의 악동 히어로 ‘레드’ 평생 앙숙인 이들에게 ‘공공의 적’이 나타났다!  얼음 공격을 퍼붓는 독수리 왕국의 예민 보스 ‘제타’에 맞서기 위해 한 팀으로 뭉친 그들! 과연 이들의 연합 작전은 성공할 수 있을까? 어제는 적! 오늘은 친구? 아슬아슬한 팀플레이가 시작된다!,12,서럽 밴 오먼,전체관람가,"['제이슨 서디키스', '조시 게드', '대니 맥브라이드', '피터 딘클리지', '아콰피나']",https://image.tmdb.org/t/p/w780//8RyxjzIaxQFTjJ58rhOc98h4Tu6.jpg,https://image.tmdb.org/t/p/original//k7sE3loFwuU2mqf7FbZBeE3rjBa.jpg,https://www.youtube.com/embed/u2GKRbXgbrY,8.47
20190741,김복동,2019,2019-08-08,"1992년, 김복동 할머니는 자신을 일본군 위안부 피해자로 신고한다. 짓이겨진 자신의 인생을 사과받고 싶은 마음이었다. 일본은 민간업자에 의한 범죄라며 책임을 회피했다. 2011년, 1,000번의 수요시위를 기념하는 소녀상이 일본대사관 앞 세워진다. 할머니들의 싸움은 새로운 전기를 맞는다. 남은 생을 바친다는 마음으로 서울로 향한다. 돌아오겠다는 약속도 없이 일본 정부의 사죄를 위한 마지막 싸움에 나선다.",14,송원근,12세이상관람가,"['김복동', '한지민']",https://image.tmdb.org/t/p/w780//aozMNCQXAtsxoMwCPD5W64zagSI.jpg,https://image.tmdb.org/t/p/original//xwFSENiJgaUQE7RheFtGHP6YyaR.jpg,https://www.youtube.com/embed/PUfIRF0sxmA,8.84
20182490,나랏말싸미,2019,2019-07-24,"문자와 지식을 권력으로 독점했던 시대. 모든 신하들의 반대에 무릅쓰고, 훈민정음을 창제했던 세종의 마지막 8년. 나라의 가장 고귀한 임금 ‘세종’과 가장 천한 신분 스님 ‘신미’가 만나 백성을 위해 뜻을 모아 나라의 글자를 만들기 시작한다. 모두가 알고 있지만 아무도 모르는 한글 창제의 숨겨진 이야기! 1443, 불굴의 신념으로 한글을 만들었으나 역사에 기록되지 못한 그들의 이야기가 시작된다.",6,조철현,전체관람가,"['송강호', '박해일', '전미선', '최덕문', '남문철', '정해균', '박동혁', '정인겸', '김준한', '차래형', '윤정일', '탕준상', '금새록', '임성재', '오현경', '정수지', '지웅배']",https://image.tmdb.org/t/p/w780//2Gj1tF7IaK7kMizDZA7RunJOzNR.jpg,https://image.tmdb.org/t/p/original//qn1tRfTtb4rPWwe5afILoomjAhx.jpg,https://www.youtube.com/embed/uLcBglb9Pg8,3.36
20196309,스파이더맨: 파 프롬 홈,2019,2019-06-28,"어벤져스 멤버들과 타노스와의 대접전을 마친 뒤, 지난 5년 동안 사라졌던 사람들이 동시에 돌아왔다. 아이언맨이 떠난 채 한동안 지구를 구할 히어로가 공석인 상황을 수습할 히어로는 현재 스파이더맨 피터 파커(톰 홀랜드)뿐이다. 친구들과의 유럽 현장학습 도중 닉 퓨리(새뮤얼 L. 잭슨)의 부름을 받게 된 피터는 미스테리오(제이크 질렌홀)라는 정체 모를 히어로와 힘을 합쳐 엘리멘탈이라는 괴생명체를 무찔러야 하는 상황에 처한다. 그런데 피터는 지구를 구하는 일보다 MJ(젠다야 콜먼)에게 멋지게 고백할 계획이 우선인데...",8,존 왓츠,12세이상관람가,"['톰 홀랜드', '사무엘 L. 잭슨', '젠다야 콜맨', '코비 스멀더스', '존 파브로', '마리사 토메이', '제이크 질렌할', '제이콥 배덜런']",https://image.tmdb.org/t/p/w780//742vR63T1AcXzYwHypQpzZd89vh.jpg,https://image.tmdb.org/t/p/original//5myQbDzw3l8K9yofUXRJ4UTVgam.jpg,https://www.youtube.com/embed/naYHg7lcS1Q,8.33
20192725,명탐정 코난: 감청의 권,2019,2019-04-12,"19세기말 해적선과 함께 싱가포르 인근 바다에 가라앉았다고 전해지는 전설의 보물 블루 사파이어 ‘감청의 권’이 모습을 드러내던 날, 마리나 베이 샌즈 호텔에서 살인사건이 발생하고 현장에는 피로 물든 괴도 키드의 예고장만이 남겨져 있다. 하지만 그것은 모두를 뒤흔들 함정! 절체절명에 빠진 괴도 키드는 마법 같은 술수로 여권이 없는 코난을 싱가포르로 데려간다. 마침 싱가포르에서 개최되는 쿄고쿠 마코토의 가라테 대회를 보기 위한 란과 소노코까지 모두가 모이게 되고… 코난 X 괴도 키드 X 쿄고쿠 마코토, 블루 사파이어 ‘감청의 권’ 그리고 가장 소중한 것을 지키기 위한 세 사람의 피할 수 없는 대결이 시작된다!",12,나가오카 치카,12세이상관람가,"['타카야마 미나미', '야마자키 와카나', '코야마 리키야', '야마구치 캇페이']",https://image.tmdb.org/t/p/w780//v92Q42DJdvXUJmGzulgITWvYgIW.jpg,https://image.tmdb.org/t/p/original//wf6VDSi4aFCZfuD8sX8JAKLfJ5m.jpg,https://www.youtube.com/embed/nFRJpMhoGIo,4.91
20190002,롱 샷,2019,2019-05-02,"전직 기자 지금은 백수인 ‘프레드 플라스키’(세스 로건)는 20년 만에 첫사랑 베이비시터 ‘샬롯 필드’(샤를리즈 테론)와 재회한다. 그런데 그녀가!? 미 최연소 국무 장관이자 세계에서 가장 영향력 있는 여성 중 한 명인 ‘샬롯’이 바로 베이비시터 그녀라는 것은 믿기지 않지만 실화이다. 인생에 공통점이라고는 1도 없는 두 사람. 대선 후보로 출마를 준비 중인 ‘샬롯’은 모두의 예상을 깨고 자신의 선거 캠페인 연설문 작가로 ‘프레드’를 고용한다. 어디로 튈지 모르는 ‘프레드’ 때문에 선거 캠페인은 연일 비상인 가운데, 뜻밖에 그의 스파크는 ‘샬롯’과의 로맨스로 튀어 버리는데... 사고 치는데 천부적인 재능이 있는 남자, 머리부터 발끝까지 완벽한 여자. 이 조합 실화?",11,조나단 레빈,15세이상관람가,"['샤를리즈 테론', '세스 로건']",https://image.tmdb.org/t/p/w780//rGiFaSGVq7rfl0O19u9pJwP5cb0.jpg,https://image.tmdb.org/t/p/original//88r25ghJzVYKq0vaOApqEOZsQlD.jpg,https://www.youtube.com/embed/ksJ2nOYnUrc,7.99
20184047,토이 스토리 4,2018,2019-06-19,"앤디와 작별한 우디(톰 행크스)는 새로운 주인 보니와의 생활에 적응 중이다. 보니는 처음 간 유치원에서 불안한 마음을 달래고자 포크를 가지고 새 장난감 포키(토니 헤일)를 만든다. 쓰레기에서 장난감으로 거듭난 포키는 자꾸 쓰레기통으로 도망치려 하지만 우디는 보니를 위해 포키를 돌봐주기로 한다. 어느 날 가족여행으로 함께 떠난 놀이공원에서 포키가 납치되고, 포키를 구하기 위한 모험을 하던 중 우디는 우연히 오래 전 헤어진 친구 보핍(애니 파츠)을 만난다. 우디는 주인 없이 자유로운 삶을 살고 있는 보핍을 보며 마음이 흔들리기 시작하는데...",12,조시 쿨리,전체관람가,"['톰 행크스', '팀 알렌', '애니 팟츠', '토니 헤일', '키아누 리브스', '조앤 쿠삭']",https://image.tmdb.org/t/p/w780//1yzeZgUaiZfCBdze7y0HcWxVUHS.jpg,https://image.tmdb.org/t/p/original//m67smI1IIMmYzCl9axvKNULVKLr.jpg,https://www.youtube.com/embed/PjsXhr2LPOY,9.05
20183782,기생충,2019,2019-05-30,"전원 백수로 살 길 막막하지만 사이는 좋은 기택(송강호) 가족. 장남 기우(최우식)에게 명문대생 친구가 연결시켜 준 고액 과외 자리는 모처럼 싹튼 고정수입의 희망이다. 온 가족의 도움과 기대 속에 박 사장(이선균) 집으로 향하는 기우. 글로벌 IT기업의 CEO인 박 사장의 저택에 도착하자 젊고 아름다운 사모님 연교(조여정)와 가정부 충숙(장혜진)이 기우를 맞이한다. 큰 문제 없이 박 사장의 딸 다혜(정지소)의 과외를 시작한 기우. 그러나 이렇게 시작된 두 가족의 만남 뒤로, 걷잡을 수 없는 사건이 기다리고 있는데...",3,봉준호,15세이상관람가,"['송강호', '이선균', '조여정', '최우식', '박소담', '장혜진', '이정은', '박명훈', '정지소', '정현준', '윤혜리', '박근록', '이시훈', '김규백']",https://image.tmdb.org/t/p/w780//tcmj4YQ6p79OD8ECpRAbV8Yjk0c.jpg,https://image.tmdb.org/t/p/original//TU9NIjwzjoKPwQHoHshkFcQUCG.jpg,https://www.youtube.com/embed/F1xhDf1hX5w,8.47
20185353,기방도령,2019,2019-07-10,"남존여비 관념으로 여인들이 억압받던 옛 시절, 기방에서 나고 자란 '허색'은 사라질 위기에 처한 기방을 살리기 위해 조선 최초의 남자 기생이 되기로 결심한다. 수려한 용모, 여심을 사로잡는 화려한 언변, 뛰어난 기예까지! 처음 보는 완벽남의 등장에 조선 팔도 여인들의 외로웠던 마음이 두근거리기 시작하고, 단숨에 조선 최초의 남자 기생에서 조선 최고의 남자 기생으로 등극한 '허색'. 도인 '육갑'과 함께 환상의 호흡을 자랑하며 여심을 휘어잡던 '허색'의 앞에 어느 날, 시대를 앞서가는 사고방식을 가진 묘령의 여인 '해원'이 나타나고, 많은 여인들의 구애에도 끄떡 없던 '허색'의 마음이 드디어 두근거리기 시작하는데...",11,남대중,15세이상관람가,"['이준호', '정소민', '최귀화', '예지원', '공명', '장세아', '조이현', '김동영', '이일화']",https://image.tmdb.org/t/p/w780//sJ50ieSoFwt7uFdFUVjnsnUDUfD.jpg,https://image.tmdb.org/t/p/original//qUUaqOcxpmda0bOA6CrCc3WJ2q8.jpg,https://www.youtube.com/embed/2sG-N_RBNp0,5.62
20185986,진범,2018,2019-07-10,"아내가 죽은 그날의 진실을 찾고 싶은 ‘영훈’(송새벽)과 남편의 무죄를 밝히기 위해 그의 증언이 필요한 ‘다연’(유선). ‘영훈’은 증언의 대가로 함께 진실을 찾자는 제안을 하고, ‘다연’은 남편을 구하기 위해 ‘영훈’과 사건을 쫓기 시작한다. 사건을 재구성하던 어느 날, ‘다연’은 ‘영훈’의 집에서 사라진 증거를 발견하고, ‘영훈’은 ‘다연’의 거짓말을 알게 된다. 그렇게 진실에 다가갈수록 서로를 향한 의심은 커져만 가는데…",7,고정욱,15세이상관람가,"['송새벽', '유선', '장혁진', '오민석']",https://image.tmdb.org/t/p/w780//xetvg8s8a3CNCPFg8Rzbp6W3t39.jpg,https://image.tmdb.org/t/p/original//gX2KfOnRrLrcbfOS9gIkKPxhBk8.jpg,https://www.youtube.com/embed/ipo9XfaxUpU,6.37
20192222,사일런스,2019,2019-05-16,"갑자기 알 수 없는 존재가 세상의 모든 소리를 집어 삼키고, 소리 내는 모든 인류는 공격을 당한다. 청력을 잃은 소녀와 가족들만이 소리 없이 대화할 수 있는 그들만의 방법으로 살아남아 마지막 사투를 벌이게 되는데… 공포가 들리는 순간, 거대한 재앙이 시작된다.",2,존 R. 레오네티,15세이상관람가,"['스탠리 투치', '미란다 오토']",https://image.tmdb.org/t/p/w780//jwSkEzdjznEd2LHeRtKwf3eOIUf.jpg,https://image.tmdb.org/t/p/original//iHJQIKSLHN2mUUWySpj2MO5HVtS.jpg,,5.45
20191601,극장판 엉덩이 탐정: 화려한 사건 수첩,2019,2019-04-26,"평화로운 오후의 찻집, 엉덩이 탐정과 조수 브라운이 티타임을 즐기고 있을 때,  큰 쇼핑백을 든 뿌우람 씨가 들어온다.  마을에 새롭게 오픈하는 카레 가게의 사장인 뿌우람 씨는  카레 요리에 빠지면 안 되는 중요한 향신료 ‘알알살라’가 사라진 것을 알게 된다!  “그게 없으면 카레를 만들 수 없어. 가게를 열 수 없어!”  충격으로 쓰러진 뿌우람 씨를 보고 엉덩이 탐정이 일어난다.  “저에게 맡겨 주십시오!”  과연 엉덩이 탐정은 ‘화려한’ 추리로 사라진 향신료의 수수께끼에 다가설 수 있을까?  도 함께 만나요!",12,히라야마 미호,전체관람가,"['김은아', '소연', '홍진욱', '남도형', '이장원', '배정미', '사성웅', '석승훈', '김사라', '이다슬']",https://image.tmdb.org/t/p/w780//e0uQlGBDFobKqr5BCtN9dAUvtT3.jpg,https://image.tmdb.org/t/p/original//5kl3y0WsIOMR1CzylpDbDAKi3Yt.jpg,https://www.youtube.com/embed/t1I6Ot7ZCpI,3.90
20192151,미드소마,2019,2019-07-03,"한여름, 낮이 가장 긴 날 열리는 미드소마에 참석하게 된 친구들. 꽃길인 줄 알고 들어간 지옥길, 축제가 끝나기 전까지 절대 빠져나올 수 없다. 큰 상실을 겪은 대니(플로렌스 퓨)가 남자친구 크리스티안(잭 레이너)과 비밀스러운 스웨덴의 한 마을에서 한여름 낮이 가장 긴 날 열리는 하지 축제에 참석해 기이한 경험을 겪고 점점 공포에 빠져들게 되는 이야기.",2,아리 애스터,청소년관람불가,"['플로렌스 퓨', '잭 레이너', '윌 폴터', '윌리엄 잭슨 하퍼']",https://image.tmdb.org/t/p/w780//bAaeuzr7vzf8EWbhVAyXVIMhXZa.jpg,https://image.tmdb.org/t/p/original//g6GtOfXtzDpY73ef7wludoorTti.jpg,https://www.youtube.com/embed/YawqI9djwec,6.59
20199951,애나벨 집으로,2019,2019-06-26,"퇴마사 워렌 부부는 저주받은 인형 애나벨을 발견하고 집에 있는 오컬트 뮤지엄 진열장에 격리시킨다. 또 다른 초자연적인 현상을 연구하기 위해 워렌 부부가 떠난 사이, 집에 남아있던 10살 딸 주디와 베이비시터는 ‘절대 들어가지 말라’는 경고를 무시한다. 탈출한 애나벨은 모든 악령들을 깨우고, 잊을 수 없는 공포의 밤을 준비하는데…",2,게리 도버먼,15세이상관람가,"['패트릭 윌슨', '베라 파미가', '맥케나 그레이스', '매디슨 아이스먼']",https://image.tmdb.org/t/p/w780//5riD6QkCFAo0FiKbD2oIHg7ijSj.jpg,https://image.tmdb.org/t/p/original//jB98SrdXAYSbiprjIwc7WfVCuCV.jpg,https://www.youtube.com/embed/abmpELhAOqs,6.25
20196655,존 윅 3: 파라벨룸,2019,2019-05-15,"사랑하는 아내와 반려견이 죽은 후 복수를 위해 돌아온 전설의 킬러, 존 윅(키아누 리브스)은 성역 콘티넨탈 호텔에서는 살인하면 안 된다는 룰을 깨면서 전세계 킬러들의 표적이 된다. 전편에서 존 윅이 국제암살자연맹에서 파문당한 직후 1시간 동안 도망갈 시간을 내어 준 윈스턴(이언 맥셰인)은 최고회의로부터 그를 도왔다는 이유로 자리에서 물러날 것을 요구받는다. 현상금이 1400만달러로 불어난 존 윅은 옛 동료이자 현재 카사블랑카 콘티넨탈 호텔의 지점장인 소피아(할리 베리)에게 도움을 청한다.",8,채드 스타헬스키,청소년관람불가,"['키아누 리브스', '할리 베리', '로렌스 피쉬번', '이안 맥쉐인']",https://image.tmdb.org/t/p/w780//judgsR2sH5kie1mTW94LWaebWLK.jpg,https://image.tmdb.org/t/p/original//stemLQMLDrlpfIlZ5OjllOPT8QX.jpg,https://www.youtube.com/embed/lcoOPX6jSP0,8.04
20198453,롱 리브 더 킹: 목포 영웅,2019,2019-06-19,"거대 조직의 보스로 거침 없이 살고 있는 ‘장세출’은 철거 용역으로 나간 재건설 반대 시위 현장에서 만난 강단 있는 변호사 ‘강소현’의 일침으로 그녀가 원하는 ‘좋은 사람’이 되기로 마음 먹는다. 모든 것을 내려놓고 새사람이 되기 위해 노력하던 ‘장세출’은 우연히 버스 추락 사고에서 온 몸으로 시민을 구하며 일약 목포 영웅으로 떠오르게 되고, 예기치 못한 사건으로 국회의원에 출마하게 된다. 발로 뛰며 점점 시민의 마음을 움직인 ‘장세출’의 입지가 높아지자, 목포에서 3선을 노리던 반대파 후보 ‘최만수’는 ‘장세출’을 눈엣가시로 여기고 그를 저지하기 위해 ‘장세출’의 라이벌 조직 보스 ‘조광춘’과 손을 잡고 음모를 계획하는데….",8,강윤성,15세이상관람가,"['김래원', '원진아', '진선규', '최귀화', '최무성', '주진모', '장지건', '정원중', '이성우', '김홍표', '민무제', '김동현', '홍기준', '차엽']",https://image.tmdb.org/t/p/w780//nrbNZrQKBtRXnip97sD2585wV7e.jpg,https://image.tmdb.org/t/p/original//3o2SrKGDoFBxqz2QznbgjOz0eaU.jpg,https://www.youtube.com/embed/xMuWhpfR1YA,7.57
20190273,천로역정: 천국을 찾아서,2019,2019-04-18,"희망도, 기쁨도 없는 멸망도시에서 살아가던 ‘크리스천’은 어느 날, 한 권의 책을 통해 천국도시가 존재하며, 곧 멸망도시가 불바다로 변할 것이라는 사실을 알게 된다. 바깥세상은 죽음뿐이라는 모두의 만류를 뒤로하고 ‘크리스천’은 천국도시를 찾아서 모험의 길로 접어 드는데…",12,로버트 페르난데스,전체관람가,,https://image.tmdb.org/t/p/w780//w0IRQoYIr7iuNE3f4vPEIkkchEc.jpg,https://image.tmdb.org/t/p/original//l2Ao3NXfrXtWzlBZ5DnP2l2szJj.jpg,,8.72
20182585,비스트,2019,2019-06-26,"대한민국을 뒤흔든 희대의 살인사건이 발생하고, 수단과 방법을 가리지 않고 범인을 잡아온 강력반 에이스 ‘한수’(이성민)는 후배 형사 '종찬'(최다니엘)과 범인을 잡기 위해 수사를 시작한다. 한편, 마약 브로커 '춘배'(전혜진)는 살인을 은폐해주는 대가로 '한수'에게 살인마에 대한 결정적인 단서를 제공하고 '한수'의 라이벌 형사 '민태'(유재명)가 이 사실을 눈치채면서 사건은 걷잡을 수 없는 방향으로 흘러가는데...",13,이정호,15세이상관람가,"['이성민', '유재명', '전혜진', '최다니엘', '김영성', '문순주', '이서환']",https://image.tmdb.org/t/p/w780//sMcKRhmkahd6axTvdzKkpkVIm0R.jpg,https://image.tmdb.org/t/p/original//nnZEaCK3SM0VVyQ4YE9V1y9qrQO.jpg,https://www.youtube.com/embed/8jYvFq_oAbk,5.21
20192022,마담 싸이코,2018,2019-02-28,뉴욕에 살고 있는 젊은 여성 ‘프랜시스’는 지하철에서 주인 없는 핸드백을 줍는다. 가방의 주인은 혼자 살고 있는 중년의 여인 ‘그레타’. 엄마를 잃은 상실감에 빠져있던 프랜시스는 핸드백을 찾아주면서 그레타와 빠르게 가까워진다. 저녁식사에 초대받은 프랜시스는 우연히 그레타가 핸드백을 미끼로 젊은 여성들과 친해진다는 소름끼치는 사실을 알게된다. 그레타는 프랜시스를 집요하게 쫓아다니며 본색을 드러내기 시작하는데…,2,닐 조단,15세이상관람가,"['클로이 모레츠', '이자벨 위페르']",https://image.tmdb.org/t/p/w780//bmrE4AGHLSutkM1ge0HepC0i6Bp.jpg,https://image.tmdb.org/t/p/original//2yR4VkzqOtnaj5AOCN8i2HBBzLY.jpg,https://www.youtube.com/embed/N1SXsWNz8pE,6.79
20196657,맨 인 블랙: 인터내셔널,2019,2019-06-12,자신의 모습을 감추고 오랜 시간 지구를 위협해 온 외계인을 감시하는 MIB 본부. MIB 본부에도 변화가 요구되면서 신입요원 에이전트 M(테사 톰슨)이 영입되고 MIB 에이스 요원 에이전트 H(크리스 헴스워스)가 듀오로 결성 된다. 그들에겐 MIB 내부의 스파이를 찾아야 하는 전대미문의 미션이 주어지는데…,8,F. 게리 그레이,12세이상관람가,"['크리스 헴스워스', '테사 톰슨', '리암 니슨', '엠마 톰슨']",https://image.tmdb.org/t/p/w780//amRKyf8JBXCAvvp5VQ6TJK8ypOT.jpg,https://image.tmdb.org/t/p/original//enNSnMYj78ihLmiWrB4K6ymv9ux.jpg,https://www.youtube.com/embed/BUKUCm3_z-Q,5.12
20190885,사탄의 인형,2019,2017-11-07,닉은 크리스마스 이브에 있었던 사건 때문에 커다란 트라우마를 안고 살아가고 있다. 고향을 떠나 살던 닉은 약손녀 빅토리아와 결혼을 앞두고 할아버지가 하시던 장난감 가게에 찾아가게 된다. 오래 방치된 듯한 그곳에서 닉은 수상한 상자를 발견한다. 상자를 열어본 닉은 섬?한 느낌의 엘프 인형과 '나쁜 아이들 명단'을 갖게 되는데...,2,라스 클리브버그,청소년관람불가,"['마크 해밀', '오브리 플라자', '가브리엘 베이트먼', '브라이언 타이리 헨리']",https://image.tmdb.org/t/p/w780//tzzISeHwvV7WtJjZyzL0xAhQXwi.jpg,https://image.tmdb.org/t/p/original//aZ87E27xMNVaK8CwXfqX9ANIpdN.jpg,,6.74
20182387,엑스맨: 다크 피닉스,2019,2019-06-05,"어린 시절 비극적 교통사고로 능력을 알게 된 진 그레이는 자비에 영재학교에서 새로운 가족을 맞이하게 된다. 엄청난 잠재능력을 지닌 그녀는 엑스맨으로 성장해 우주에서 구조 임무를 수행하던 중 목숨을 잃을 뻔한 사고를 겪고, 폭주하는 힘과 억눌려왔던 어둠에 눈을 뜨게 된 그녀는 엑스맨의 가장 강력하고 파괴적인 적, 다크 피닉스로 변하게 된다. 프로페서 X는 물론 매그니토까지 능가하는 두려운 존재가 된 그녀 앞에 힘을 이용하려는 미스터리한 외계 존재가 나타나 그녀를 뒤흔들고, 엑스맨은 사랑하는 친구이자 가장 강력한 적이 된 다크 피닉스와 맞서야 하는데...",8,사이먼 킨버그,12세이상관람가,"['제임스 맥어보이', '마이클 패스벤더', '제니퍼 로렌스', '니콜라스 홀트', '소피 터너', '타이 쉐리던', '에반 피터스', '제시카 차스테인']",https://image.tmdb.org/t/p/w780//rNRfYkuRvM0z1RWHPbc2I8HCdvd.jpg,https://image.tmdb.org/t/p/original//cjRUhKyt2Jo3V1KNzc5tpPNfccG.jpg,https://www.youtube.com/embed/PzpZ4aHMXVg,5.99
20190466,세상을 바꾼 변호인,2018,2018-12-25,"남녀 차별이 당연시되던 시대에 태어난 ‘긴즈버그’는 1950년대 하버드대학교 로스쿨에서 남자들의 자리를 뺏은 9명의 여학생 중 한 명으로서 수석졸업을 하고 두 아이를 키우며 법대 교수가 된다. 그리고 1970년대, 차별의 완벽한 조건을 가진 여성 변호사로서 우연히 남성 보육자와 관련된 사건을 접하게 된다. 긴즈버그는 이것이 남성의 역차별 사건이며 성차별의 근원을 무너뜨릴 수 있는, 50년 전쟁의 포문을 열 열쇠임을 직감한다. 모두가 도저히 이길 수 없는 싸움, 패배가 확정된 재판이라 말렸지만, 긴즈버그는 남편과 딸의 지지에 힘입어 178건의 합법적 차별을 무너뜨릴 세기의 재판에 나서는데…",3,미미 레더,12세이상관람가,"['펠리시티 존스', '아미 해머', '저스틴 세럭스', '캐시 베이츠', '샘 워터스톤']",https://image.tmdb.org/t/p/w780//vo2CgNiWNU1536d0cu7sPjdQyva.jpg,https://image.tmdb.org/t/p/original//qdQvuKZYZ5oJiEDkNgYSwMDP9Sj.jpg,https://www.youtube.com/embed/2jawM4Mv55Y,8.90
19880001,이웃집 토토로,1988,1988-04-16,"1955년 일본의 아름다운 시골 마을, 상냥하고 의젓한 11살 사츠키와 장난꾸러기에 호기심 많은 4살의 메이 는 사이좋은 자매로 아빠와 함께 도시를 떠나 시골로 이사온다. 자상한 아빠 쿠사카베타츠오는 도쿄에서 대학 연구원이며, 입원 중이지만 따뜻한 미소를 잃지 않는 엄마가 있다. 곧 퇴원하실 엄마를 공기가 맑은 곳에서 맞이하기 위해서다. 숲 한복판에 금방이라도 쓰러질 것처럼 낡은 집을 보며 자매는 새로운 환경에 대한 호기심으로 잔뜩 들뜬다. 그러던 어느 날 사츠키가 학교에 간 동안 메이는 숲에서 정령을 만나다. 메이는 그 정령에게 토토로란 이름을 붙여주는데...",12,미야자키 하야오,전체관람가,"['히다카 노리코', '사카모토 치카']",https://image.tmdb.org/t/p/w780//mKEQFkZvDEbGuWPqFMWcBTi2e1M.jpg,https://image.tmdb.org/t/p/original//hoIqf9YjZM0oQOrFXp8DcucJ3Jg.jpg,https://www.youtube.com/embed/8LLmvVSnYiw,9.26
20191401,업사이드,2017,2016-04-14,"4명의 아버지가 전하는 사랑하는 아이들 이야기  출생부터 성장, 그 날의 소용돌이까지  2년이 지나고 가슴에 묻지 못한 이야기를 꺼내다!  2014년 4월 16일, 세월호 참사로 인해 4명의 아버지는 누구보다 사랑하던 아이들을 잃었다.  왜 그 배가 침몰해야만 했는지, 왜 우리 아이들이 차가운 몸으로 돌아와야만 했는지,  여전히 이유를 모르는 아버지들이 가슴에 묻지 못한 이야기를 꺼낸다!  국가 제1의 존재 이유 “국민의 생명을 보호하라!”  그러나 우리는 어떤 사회에서 살고 있는가?  16명의 전문가가 세월호를 둘러싼 한국사회의 모순을 밝히다!  해양공학교수, 변호사, 언론인, 심리학박사 등 각 분야에서 신뢰받는 국내외 16인의 전문가들이  한국사회의 병폐를 지적하며, 세월호를 둘러싼 한국사회의 구조적 모순을 되짚어 본다.  그리고 제2의 세월호가 일어나지 않기 위해 무엇을 준비해야 하는지 대안을 제시한다.",11,닐 버거,12세이상관람가,"['브라이언 크랜스톤', '케빈 하트', '니콜 키드먼']",https://image.tmdb.org/t/p/w780//oV56xSKDvWMz3pqE1jftiiiJlAB.jpg,https://image.tmdb.org/t/p/original/None,,8.62
20198291,로켓맨,2019,2019-05-22,"천재적인 음악성과 독보적인 노래로 세상을 뒤흔들며 대중을 사로잡은 ‘엘튼 존’(태런 에저튼). 연이은 히트곡 발매와 환상적인 무대 퍼포먼스, 화려한 패션으로 가장 빛나는 시대의 아이콘으로 자리잡는다. 그러나 인생 최고의 순간, 어린 시절부터 자신의 진가를 알아봐주지 못한 부모에 대한 상처와 사랑했던 친구의 배신에 무대 뒤에 숨겨진 또 다른 자신과 마주하게 되는데…",3,덱스터 플레처,15세이상관람가,"['태런 에저튼', '리처드 매든', '브라이스 달라스 하워드', '제이미 벨']",https://image.tmdb.org/t/p/w780//jC0r9TAgkLwk8pY8MqxyexPyhNB.jpg,https://image.tmdb.org/t/p/original//uulwtAZnzBFYQrfLXGV8pB9OGk3.jpg,https://www.youtube.com/embed/9HSy7n-wA40,8.06
20184889,어벤져스: 엔드게임,2018,2019-04-24,"어벤져스의 패배 이후 지구는 초토화됐고 남은 절반의 사람들은 정신적 고통을 호소하며 하루하루를 근근이 버텨나간다. 와칸다에서 싸우다 생존한 히어로들과 우주의 타이탄 행성에서 싸우다 생존한 히어로들이 뿔뿔이 흩어졌는데, 아이언맨과 네뷸라는 우주를 떠돌고 있고 지구에 남아 있는 어벤져스 멤버들은 닉 퓨리가 마지막에 신호를 보내다 만 송신기만 들여다보며 혹시 모를 우주의 응답을 기다리는 중이다. 애초 히어로의 삶을 잠시 내려놓고 가족과 시간을 보내던 호크아이 역시 헤아릴 수 없는 마음의 상처를 입은 채 사라지고 마는데...",8,안소니 루소,12세이상관람가,"['로버트 다우니 주니어', '크리스 에반스', '마크 러팔로', '크리스 헴스워스', '스칼렛 요한슨', '제레미 레너', '돈 치들', '폴 러드', '브리 라슨', '카렌 길런', '브래들리 쿠퍼', '조슈 브롤린']",https://image.tmdb.org/t/p/w780//n78LK2t1uQP68Ud0VXHRe0HmKOp.jpg,https://image.tmdb.org/t/p/original//7RyHsO4yDXtBv1zUU3mTpHeQ0d5.jpg,https://www.youtube.com/embed/8-LUH0OJKgg,9.38
20188941,악인전,2019,2019-05-15,"중부권을 쥐고 흔드는 제우스파 조직의 보스 장동수(마동석), 비 내리던 밤 한적한 도로에서 접촉사고를 위장해 접근한 남자에게 불의의 습격을 받는다. 격투 끝에 가까스로 목숨은 건졌지만 조직 보스의 권위와 자존심은 무너지고 만다. 바짝 독이 오른 장동수 앞에 형사 정태석(김무열)이 나타나 그를 찌른 놈이 연쇄살인범이라며 그날 밤 기억나는 것을 모두 말하라고 한다. 장동수는 얼굴 없는 연쇄살인마와 마주쳐 살아남은 유일한 생존자이자 목격자였다. 자신의 몸에 손 댄 그 놈을 살 떨리게 잡고 싶은 조직의 보스 장동수와 미치도록 범인을 잡고 싶은 강력반 미친개 정태석, 두 사람은 장동수의 조직력과 자본, 정태석의 정보력과 기술력을 이용해 ""K""라 불리는 연쇄살인마를 함께 잡기로 하는데...",13,이원태,청소년관람불가,"['마동석', '김무열', '김성규', '문동혁', '오희준', '민무제', '문순주', '김근영', '전배수', '유재명', '이서환']",https://image.tmdb.org/t/p/w780//az4OVqXbFVaHoZlktcm7oCm0LZo.jpg,https://image.tmdb.org/t/p/original//mh1xax1OZd0g48bdhbvUCgPg6rp.jpg,https://www.youtube.com/embed/3q6QDLpaG18,7.89
20184865,고질라: 킹 오브 몬스터,2019,2019-05-29,"고질라의 샌프란시스코 공격으로 인해 아들을 잃은 상처로 엠마와 마크, 딸 매디슨 가족은 슬픔 속에 살고 있다. 미지의 생물을 연구하는 모나크 소속 과학자인 엠마는 또 다른 공격에 대비해 거대 괴수와 소통하는 주파수를 발견한다. 그러나 괴수들을 조종해 지구를 초토화 시키려는 테러 세력에게 딸 매디슨과 납치되고, 주파수로 모스라, 로단, 기도라 등 고대 괴수들이 하나 둘 깨어난다. 역대급 재난 상황에서 인류의 생존 자체조차 불투명해지고, 여기에 강력한 고질라의 등장으로 괴수들의 대결은 새로운 국면을 맞이한다. 또 다시 최악의 위기를 맞은 가족들은 어떻게든 함께 위험을 헤쳐나가야만 하는데...",8,마이클 도허티,12세이상관람가,"['밀리 바비 브라운', '베라 파미가', '카일 챈들러', '샐리 호킨스', '와타나베 켄', '장쯔이']",https://image.tmdb.org/t/p/w780//ge8zQ874jsZBcsYxn7yV5EMHV10.jpg,https://image.tmdb.org/t/p/original//cNt14e43I2DDW6Xd9zFhrP8eOcA.jpg,https://www.youtube.com/embed/WaLOMVyhhw4,6.94
20199063,빅샤크2: 해저2만리,2018,2018-06-01,"세계명작 '해저2만리' 속으로 떠나는 빅샤크와 바닷속 친구들의 짜릿한 대모험! 평화롭던 바다 왕국. 어느 날, 정체불명의 해저몬스터가 출몰해 화물선을 잇달아 파괴하며 바다왕국을 온통 공포로 몰아넣는다. 용감한 아기상어 메이와 바닷속 친구들은 몬스터를 잡기 위해 동화 속 해저2만리로 탐험을 떠나기로 한다. 하지만 탐험을 시작하기도 전에 메이가 그만 해저몬스터에게 납치되고 마는데… 아빠상어 빅샤크와 꼬마잠수함 올리와 베스, 수달 보보, 그리고 해마친구들은 위험에 빠진 아기상어를 구하기 위해 깊은 바다 밑 해저 2만리 속으로 신비하고도 짜릿한 모험을 시작한다!",12,신우,전체관람가,"['장병관', '김소희', '김보나', '서반석', '강은애', '이창민', '김경희', '민아']",https://image.tmdb.org/t/p/w780//7VuWlWAxmkPQfbkMl82RHXWbRyu.jpg,https://image.tmdb.org/t/p/original//oRak1MoJTPFlKEE85RNGrBcFwUh.jpg,,7.96
20188144,0.0MHz,2018,2019-05-29,세상에 일어나는 초자연 미스터리를 분석하는 동아리 0.0MHz 멤버들이 귀신을 부르는 주파수를 증명하기 위해 우하리의 한 흉가를 찾은 후 기이한 현상이 멈추지 않는데…,2,유선동,15세이상관람가,"['정은지', '이성열', '최윤영', '신주환', '정원창', '박명신']",https://image.tmdb.org/t/p/w780//3jvbaQCPJNkZM7Aqjf5YLftO77Y.jpg,https://image.tmdb.org/t/p/original//qER0o8hw6kmYSxi8fbMgsvdFa8w.jpg,https://www.youtube.com/embed/fUAlPgp0ZU8,5.01
20184082,걸캅스,2018,2019-05-09,"민원실 퇴출 0순위 전직 전설의 형사 '미영'과 민원실로 밀려난 현직 꼴통 형사 '지혜'. 집에서는 눈만 마주쳐도 으르렁 대는 시누이 올케 사이인 두 사람은 민원실에 신고접수를 하기 위해 왔다가 차도에 뛰어든 한 여성을 목격하고 그녀가 48시간 후 업로드가 예고된 디지털 성범죄 사건의 피해자란 사실을 알게 된다. 강력반, 사이버 범죄 수사대, 여성청소년계까지 경찰 내 모든 부서들에서 복잡한 절차와 인력 부족을 이유로 사건이 밀려나자 ‘미영’과 ‘지혜’는 비공식 수사에 나서기로 결심한다. 수사가 진전될수록 형사의 본능이 꿈틀대는 ‘미영’과 정의감에 활활 불타는 ‘지혜’는 드디어 용의자들과 마주할 기회를 잡게 되는데...",11,정다원,15세이상관람가,"['라미란', '이성경', '윤상현', '최수영', '염혜란', '위하준', '주우재', '강홍석', '김도완', '이정민', '신현숙', '이레', '조혜주', '배유람', '임현성', '안재홍', '한수현', '조병규']",https://image.tmdb.org/t/p/w780//v1sfULur2KiJIPGiXjGTDWNWxG.jpg,https://image.tmdb.org/t/p/original//tUjjNaogeMPP4sw1U7Baxk1Oj1U.jpg,https://www.youtube.com/embed/3-DwodqeR0c,7.00
20199448,어린 의뢰인,2019,2019-05-22,인생 최대 목표는 오직 성공뿐인 변호사 ‘정엽’. 주변에 무관심한 그에게 ‘다빈’과 ‘민준’ 남매가 자꾸 귀찮게 얽힌다. 오랫동안 기다렸던 대형 로펌 합격 소식을 듣게 된 ‘정엽’은 믿을 수 없는 사실을 알게 된다. 10살 소녀 ‘다빈’이 7살 남동생을 죽였다는 충격적인 자백. 뒤늦게 미안함을 느낀 ‘정엽’은 자신의 모든 것을 걸고 ‘다빈’의 엄마 ‘지숙’에게 숨겨진 진실을 밝히려고 하는데…,3,장규성,12세이상관람가,"['이동휘', '유선', '최명빈', '이주원', '고수희', '서정연', '원현준', '이나라', '정준원', '이현균', '이지훈', '이로운', '이봄', '정희태', '양희원', '장정연']",https://image.tmdb.org/t/p/w780//tBjIL4jBbHstVvWvCXV7AjZaggR.jpg,https://image.tmdb.org/t/p/original//AanMz10xtFlgIeZpsQsi9hfEUuG.jpg,https://www.youtube.com/embed/T_35Dkz9al8,9.02
20198597,교회오빠,2019,2019-05-16,"딸 아이를 출산하고, 산후조리원에서 나오는 날 들려온 남편의 4기 대장암 소식, 갑작스러운 어머니의 죽음, 항암치료가 종료된 지 일주일도 채 안되어 알게 된 아내의 4기 혈액암… 잠시도 숨 쉴 틈 없이 밀려오는 고난에 부부는 깊은 탄식과 함께 기도로 매달리는 것밖에는 할 수 없었다. 마치 '욥'과도 같은 인생. 이해할 수조차 없는 기막힌 상황에도 남편 이관희는 그 누구도 원망하지 않고 절대로 '주님'에 대한 신뢰를 거두지 않았다. 삶과 죽음의 경계에 서 있는 그는 무엇을 바라보았을까. 어떻게 그런 고백을 할 수 있었을까. 하루라도 더 '온전한' 삶을 살기 위해 몸부림쳐갔던 이관희 집사의 순전한 믿음이 스크린을 통해서 펼쳐진다.",14,이호경,전체관람가,"['이관희', '오은주', '이소연']",https://image.tmdb.org/t/p/w780//z7S7SqsSgdx8IprKs2T7LqoDHCF.jpg,https://image.tmdb.org/t/p/original//dlPvO2YK8pvuAdZc8pJR3W7EV1B.jpg,,9.27
20199822,더 보이,2019,2016-01-22,"그레타(로렌 코핸)는 어두운 과거에서 벗어나 새 출발을 하기 위해 외딴 마을의 대저택에 유모로 들어간다.  그러나 노부부(짐 노튼&다이아나 하드캐슬)가 아들 브람스라며 소개한 건 소년 인형.  장난이라는 의심과 달리 부부는 너무나 진지한 태도로 인형을 대하고, 심지어 10가지 규칙을 꼭 지켜야 한다고 당부한 후 여행을 떠난다.  대저택에 인형 브람스와 단둘이 남게 된 그레타는 자꾸만 일어나는 기이한 사건들을 겪으며 점점 인형이 살아있다고 믿게 되는데…",2,데이빗 야로베스키,15세이상관람가,"['잭슨 A. 던', '엘리자베스 뱅크스', '데이빗 덴맨']",https://image.tmdb.org/t/p/w780//rqgFqbYeth6TilCvh697rvCqWku.jpg,https://image.tmdb.org/t/p/original//aOvgn3E5OjJDepApd1WtS2doqMF.jpg,,4.89
20187981,배심원들,2019,2019-05-15,"국민이 참여하는 역사상 최초의 재판이 열리는 날. 모두의 이목이 집중된 가운데, 나이도 직업도 제각각인 8명의 보통 사람들이 배심원단으로 선정된다. 대한민국 첫 배심원이 된 그들 앞에 놓인 사건은 증거, 증언, 자백도 확실한 살해 사건. 양형 결정만 남아있던 재판이었지만 피고인이 갑자기 혐의를 부인하며 배심원들은 예정에 없던 유무죄를 다투게 된다. 생애 처음 누군가의 죄를 심판해야 하는 배심원들과 사상 처음으로 일반인들과 재판을 함께해야 하는 재판부. 모두가 난감한 상황 속 원칙주의자인 재판장 ‘준겸’(문소리)은 정확하고 신속하게 재판을 끌어가려고 한다. 하지만 끈질기게 질문과 문제 제기를 일삼는 8번 배심원 ‘남우’(박형식)를 비롯한 배심원들의 돌발 행동에 재판은 점점 예기치 못한 방향으로 흐르는데...",3,홍승완,12세이상관람가,"['문소리', '박형식', '백수장', '김미경', '윤경호', '서정연', '조한철', '김홍파', '조수향', '권해효', '태인호', '이해운', '서진원', '이영진', '최영우', '서현우', '이용이', '심달기', '유순웅', '김학선', '고서희', '정도원', '염동헌', '이서준', '김선영', '이규형']",https://image.tmdb.org/t/p/w780//7RGciFoNF8E5kA6dGDFABW7qK1Z.jpg,https://image.tmdb.org/t/p/original//tseYcE382x1goVptRC62AHUG9xX.jpg,https://www.youtube.com/embed/AsrZkNhXVfw,0.00
20198598,명탐정 피카츄,2019,2019-05-03,"기억을 잃은 채 깨어난 피카츄, 난 누구? 여긴 어디? 유일한 단서는 탐정모자에 적힌 해리란 이름과 주소. 주소 속 아파트에서 자신의 말을 유일하게 알아 듣는, 실종된 해리의 아들 팀 굿맨을 만나게 된다. 명탐정의 촉으로 이건 그야말로 대.박.사.건! 사라진 아빠를 찾기 위해 피카츄와 떠나는 기상천외한 모험이 시작된다. 피카피카!",8,롭 레터맨,전체관람가,"['라이언 레이놀즈', '저스티스 스미스', '캐서린 뉴튼', '수키 워터하우스', '빌 나이', '와타나베 켄']",https://image.tmdb.org/t/p/w780//8Vb7PJ2aUzel5iQ6R2Jxe4MTWac.jpg,https://image.tmdb.org/t/p/original//nDP33LmQwNsnPv29GQazz59HjJI.jpg,https://www.youtube.com/embed/iY50AnMvuio,8.09
20185784,나의 특별한 형제,2018,2019-05-01,"비상한 두뇌를 가졌지만 동생 '동구' 없이는 아무 데도 못 가는 형 '세하'(신하균), 뛰어난 수영실력을 갖췄지만 형 '세하' 없이는 아무것도 못 하는 동생 '동구'(이광수). 이들은 피 한 방울 섞이지 않았지만 20년 동안 한 몸처럼 살아온 '특별한 형제'다. 어느 날 형제의 보금자리 '책임의 집'을 운영하던 신부님이 돌아가시자 모든 지원금이 끊기게 되고, 각각 다른 장애를 가진 두 사람은 헤어질 위기에 처하고 만다. 세하는 '책임의 집'을 지키고 동구와 떨어지지 않기 위해 구청 수영장 알바생이자 취준생 '미현'(이솜)을 수영코치로 영입하고, 동구를 수영대회에 출전시켜 사람들의 이목을 집중시키는 데 성공한다. 헤어지지 않을 수 있다는 희망을 본 것도 잠시, 예상치 못한 인물이 형제 앞에 등장하면서 형제는 새로운 위기를 겪게 되는데...",3,육상효,12세이상관람가,"['신하균', '이광수', '이솜', '박철민', '권해효', '길해연', '양소민', '배명진', '김자영', '김한나']",https://image.tmdb.org/t/p/w780//4LvhaLpA2pQAPQGVEUjc0vhEXGe.jpg,https://image.tmdb.org/t/p/original//eNQLc072eu0ttmfJYx7Xhrc3iHS.jpg,https://www.youtube.com/embed/m6FNMV_FnIs,8.91
20198183,뽀로로 극장판 보물섬 대모험,2019,2019-02-01,"떠나자, 보물섬으로~!  뽀로로와 친구들의 스펙터클 보물찾기 어드벤처! 전설 속 보물을 찾아 떠난 뽀로로와 친구들은 우연히 손에 넣은 지도를 따라 신비의 보물섬에 도착한다.  그곳에서 사라진 실버 선장을 만나 비밀을 간직한 보물섬의 수수께끼를 풀어내지만, 악당 블랙 선장과 보물섬의 괴물로 인해 위기에 빠지는데... 과연 뽀로로와 친구들은 전설의 보물을 찾을 수 있을까?",12,김현호,전체관람가,"['이선', '이미자', '김현지', '홍소영', '정미숙', '김서영', '김환진', '남도형', '정승욱', '이장원', '황창영']",https://image.tmdb.org/t/p/w780//3iy8XN5nlCewKP9YGlNEuHOo8dq.jpg,https://image.tmdb.org/t/p/original//t40Nr7RaIWFCWqQJOfttXA9KezF.jpg,https://www.youtube.com/embed/Tk2wVhOV5NA,9.28
20185384,호텔 뭄바이,2018,2019-03-14,100여 년 전통의 아름다운 초호화 호텔 타지는 오늘도 전 세계에서 온 수백 명의 사람들과 직원들로 북적인다. 다양한 사람들이 호텔 안에서 저녁시간을 보내던 그 때 거대한 폭발음이 들리고 혼비백산한 인파가 호텔로 몰려온다. 그리고 그들과 함께 커다란 배낭을 멘 젊은 청년 몇몇이 호텔로 들어오는데…,7,앤소니 마라스,15세이상관람가,"['데브 파텔', '아미 해머', '나자닌 보니아디', '제이슨 아이삭스', '아누팜 커']",https://image.tmdb.org/t/p/w780//h9AOgs7GKNJLdvoNPkmJOFB3I7H.jpg,https://image.tmdb.org/t/p/original//wHCV3lRhjdAamxKjKIF5rqMRqwu.jpg,,9.09
20197503,서스페리아,2018,1977-02-01,"독일의 유명한 발레 학교로 유학 온 미국인 소녀 수지는 도착 첫날 밤, 겁에 질려 학교에서 도망쳐나오는 학생을 목격하고, 이튿날 아침 도망치던 학생과 다른 여학생이 끔찍하게 살해당했다는 소식을 듣는다. 수지는 발레 학교에 적응하려고 애쓰지만 이상한 선생과 학생들, 밤에 기숙사에 울려퍼지는 기이한 소리들 때문에 힘들다. 그 지방 전설로 내려오는 마녀 이야기와 살인 사건이 관련있으리라 추측하던 수지는 자신도 모르는 사이에 흑마술의 표적이 되는데…",2,루카 구아다니노,청소년관람불가,"['다코타 존슨', '틸다 스윈튼', '미아 고스', '클로이 모레츠']",https://image.tmdb.org/t/p/w780//qsQ4eqNWP6oKKiKp8QKyIDf7HLC.jpg,https://image.tmdb.org/t/p/original//i8lyb818XNNGaXiL6qHSxVNodKy.jpg,,6.87
20197147,어글리 돌,2019,2019-05-01,"춤과 노래가 멈추지 않는 행복 마을 ‘어글리 빌’에 사는 사랑둥이 인싸돌 ‘모씨’는 마을 바깥에 어떤 세상이 있을지 늘 궁금해한다. 모씨는 친구 ‘어글리 독’, ‘웨이지’, ‘럭키 뱃’, ‘바보’와 함께 파이프 건너편으로 모험을 떠나기로 결심하고 외모도 성격도 너무 완벽한 ‘퍼펙션 스쿨’의 ‘루’와 ‘맨디‘를 만나 새롭고 짜릿한 세상을 경험한다! 퍼펙션 스쿨에서 최고의 애착 인형이 되기 위한 스파르타 수업에 몰두하던 이들은 인형들의 숨겨진 진실을 마주하고 마는데…",12,캘리 애스버리,전체관람가,"['켈리 클락슨', '닉 조나스', '자넬 모네', '핏불']",https://image.tmdb.org/t/p/w780//wJX6SLX40kMBMf2yk1iXTtqaVTs.jpg,https://image.tmdb.org/t/p/original//93gOZuHazBWulk7b47MCXWVTiqh.jpg,,9.09
20169323,안도 타다오,2016,2017-01-01,"전문적인 건축교육을 받지 못했지만, 타고난 예술성과 도전정신으로 실력을 인정받은 안도 타다오. 고교시절엔 복서로, 청년시절엔 건축 현장에서 치열한 나날을 보냈던 그는 우연히 서점에서 설계도면을 본 후, 건축가의 꿈을 안고 유럽으로 향한다. 현장에서 익힌 건축지식을 기반으로 콘크리트를 연구한 끝에 누구도 만들 수 없는 건축물을 만들며 노출 콘크리트의 거장이 된 그의 이야기가 시작된다!",14,미즈노 시게노리,전체관람가,,https://image.tmdb.org/t/p/w780//oJVp2sHOqcpF4ha9QMHlos39Ebp.jpg,https://image.tmdb.org/t/p/original//iFKBGlzzmd1aQJVc88O40jL14F9.jpg,https://www.youtube.com/embed/WdpSxZpr9og,8.34
20183096,생일,2018,2019-04-03,"세상을 먼저 떠난 아들 ‘수호’ 에 대한 그리움을 안고 살아가는 '정일'과 '순남'의 가족. 어김없이 올해도 아들의 생일이 돌아오고, 가족들의 그리움은 더욱 커져만 간다. 수호가 없는 수호의 생일. 가족과 친구들은 함께 모여 서로가 간직했던 특별한 기억을 선물하기로 하는데...",3,이종언,전체관람가,"['설경구', '전도연', '김보민', '윤찬영', '박종환', '성유빈', '탕준상', '신문성', '이봉련', '김수진', '안다정', '정종준']",https://image.tmdb.org/t/p/w780//qrLLjnPAqP4nrYW7mX0clSUptiW.jpg,https://image.tmdb.org/t/p/original//xTN6HGNl5hIl1SsoIFYPTVrFLjL.jpg,https://www.youtube.com/embed/bEm3rC3swg8,0.00
20181877,캡틴 마블,2018,2019-03-06,"외계 크리 문명의 수도 할리, 캐롤 댄버스(브리 라슨)은 압도적인 능력을 가진 전사다. 그는 멘토 욘 로그(주드 로)로부터 힘을 통제하고 과거의 기억은 묻어야 한다는 가르침을 받고 있다. 그러던 어느 날, 변방 행성 토르파에서 스크럴 종족에게 붙잡혀 뇌를 스캔당한 캐롤은 과거 자신이 낯선 행성의 파일럿이었음을 알게 된다. 스크럴을 따돌리고 탈출하는 과정에서 공교롭게 C-53 행성, 즉 지구에 불시착한 캐롤. 우여곡절 끝에 쉴드 신참 요원 닉 퓨리(사무엘 L. 잭슨)에게 발견되어 팀을 이룬 그들은 지구로 향하는 더 큰 위협을 감지하고 힘을 합쳐 전쟁을 끝내야 하는데...",8,애너 보든,12세이상관람가,"['브리 라슨', '사무엘 L. 잭슨', '벤 멘델슨', '주드 로']",https://image.tmdb.org/t/p/w780//jWd9tWuoDPN561r7vp4ekngEe7f.jpg,https://image.tmdb.org/t/p/original//nBS1vONGYrsL2C68C2oDQ3eKJR1.jpg,https://www.youtube.com/embed/n1Xz13zlWWw,6.74
20060347,판의 미로 - 오필리아와 세 개의 열쇠,2006,2006-08-25,"먼 옛날 인간들은 모르던 지하 왕국, 행복과 평화로 가득 찬 환상의 세계에 공주가 있었다. 햇빛과 푸른 하늘이 그리웠던 공주는 인간 세계로의 문을 열고 만다. 하지만 너무나 눈부신 햇살에 공주는 기억을 잃은 채로 죽어갔다.  꿈 많은 소녀 오필리아는 만삭인 엄마와 함께 군인인 새아버지의 부대 저택으로 이사를 간다. 하지만 자신을 못마땅해 하는 냉혹한 새아버지에게 두려움을 느끼는 데다, 신비한 숲으로 둘러싸인 저택의 이상한 분위기에 잠을 못 이루던 오필리아에게 요정이 나타난다. 신비로운 모습에 이끌린 오필리아는 요정을 따라 미로로 들어가게 되고 거기서 판이라는 기괴한 요정을 만나는데...",3,길예르모 델 토로,15세이상관람가,"['이바나 바쿠에로', '더그 존스', '세르지 로페즈']",https://image.tmdb.org/t/p/w780//152dNZttshE1erlIK5GPzTvbQUR.jpg,https://image.tmdb.org/t/p/original//4XP5kp70Pw01qpD6Gr0PQwy43Mr.jpg,,7.91
20199736,프렌즈: 둥지탈출,2019,2019-01-25,"갈매기 가족의 둥지에서 자란 칼새의 새끼 ‘마누’는 갈매기 비행 학교에서 가르치는 비행법에 적응하지 못한 미운 아기 새가 되고 만다. 갈매기 대장 ‘칼리프’는 열등생 ‘마누’를 둥지에서 쫓아내려 하고, ‘마누’는 갈매기들과 다시 가족이 되기 위해 깃털 친구들의 도움을 받아 날기 대회 1등에 도전하기로 하는데… 가족과 함께하기 위해 둥지를 탈출한 ‘마누’ 과연 미운 아기 새에서 벗어나 하늘 높이 날아 오를 수 있을까?!",12,크리스찬 하스,전체관람가,,https://image.tmdb.org/t/p/w780//uC5zU5Prxp2qNCkEbJQ6YRrdZCc.jpg,https://image.tmdb.org/t/p/original//4q4PeZzovaZ418KBARiuxDimm8p.jpg,,8.74
20183454,요로나의 저주,2019,2019-04-17,"1973년, 애나는 남편 없이 두 아이와 살고 있다. 사회복지사인 애나가 담당하던 한 여인의 아이들이 불의의 사고로 목숨을 잃자, 그녀는 이것이 ‘요로나’의 짓이라면서 애나에게도 똑같은 저주가 내릴 것이라 예언한다. 어느 날부터인가 울음소리를 들려오고 의문의 존재가 아이들을 위협하는데...",2,마이클 차베즈,15세이상관람가,"['린다 카델리니', '패트리시아 벨라즈퀘즈', '레이몬드 크루즈', '숀 패트릭 토마스']",https://image.tmdb.org/t/p/w780//8kllbCOM38idMWXzsk6mMzpbcsC.jpg,https://image.tmdb.org/t/p/original//drpgGlcOarywXgwhb4Dap9QtSlg.jpg,https://www.youtube.com/embed/5AJVjhMYkBE,6.83
20180825,미성년,2018,2019-04-11,"같은 학교 2학년 주리(김혜준)와 윤아(박세진)가 학교 옥상에서 만났다. 최근 주리의 아빠 대원(김윤석)과 윤아의 엄마 미희(김소진) 사이에 벌어진 일을 알게 된 두 사람. 이 상황이 커지는 것을 막고 싶은 주리는 어떻게든 엄마 영주(염정아) 몰래 수습해보려 하지만 윤아는 어른들 일에는 관심 없다며 엮이지 않으려 한다. 그 때, 떨어진 주리의 핸드폰을 뺏어든 윤아는 영주의 전화를 받아 그 동안 감춰왔던 엄청난 비밀을 폭로해 버리고, 이를 본 주리는 멘붕에 빠지게 되는데…",3,김윤석,15세이상관람가,"['염정아', '김소진', '김혜준', '박세진', '김윤석', '김희원', '이희준', '염혜란', '이정은', '미람', '김혜윤', '정이랑', '정종준']",https://image.tmdb.org/t/p/w780//84ybyWeNn8HC7Lu1BxvJlXx1nea.jpg,https://image.tmdb.org/t/p/original//eS0fHqhASRrHYYsMCMQdfTBXIwD.jpg,https://www.youtube.com/embed/2r6FaDvHnb0,8.31
20198982,크게 될 놈,2018,2019-04-18,"전라도 어느 섬마을, 기강과 기순 남매의 엄니 ‘순옥’(김해숙). 깡다구 하나는 알아주는 순옥의 사고뭉치 아들 ‘기강’(손호준). 집을 나간 기강은 무모한 성공만을 꿈꾸다, 결국 범죄자로 전락해 사형을 선고 받게 된다. 정부는 엄정한 법집행을 이유로 사형집행을 발표하고, 언제 죽을지 모른다는 불안과 공포로 자포자기한 기강에게 평생 까막눈으로 살아온 엄니의 생애 첫 편지가 도착하는데……",3,강지은,15세이상관람가,"['김해숙', '손호준', '남보라', '박원상', '김영민']",https://image.tmdb.org/t/p/w780//li1v9SNnU63b0i5lj1Os8ulmkrg.jpg,https://image.tmdb.org/t/p/original//yvXdAfD3ozCJayNqFj35ZNbnUxM.jpg,https://www.youtube.com/embed/_lHjdy-97m8,8.80
19990220,노팅 힐,1999,1999-05-13,"윌리엄 태커(휴 그랜트분)는 웨스트 런던의 ‘노팅 힐’에 사는 소심한 남자. 역시 독신의 괴상한 친구 스파이크(리스 아이판스 분)와 함께 살고있는 그는, 노팅힐 시장 한쪽 구석에 위치한 조그마한 여행서적 전문점을 운영하며 살고 있다. 그에게는 미래에 대한 포부나 설계는 사치에 불과하다. 여느 때와 마찬가지로 무미건조한 하루를 보내고 있던 그는 세계적으로 유명한 인기 영화배우 안나 스콧(줄리아 로버츠 분)이 그의 책방 문을 열고 들어와 책을 사고 나가자 잠깐 동안에 일어난 이 엄청난 사건에 어쩔 줄을 모른다.",4,로저 미첼,12세관람가,"['줄리아 로버츠', '휴 그랜트']",https://image.tmdb.org/t/p/w780//1AbAtQSgN4KKVODiiX2452dlDJD.jpg,https://image.tmdb.org/t/p/original//hkiXk6HIcmiw1Zz55cq9o5l4hE3.jpg,https://www.youtube.com/embed/gPhXjrDANGk,9.07
20176103,돈,2018,2019-03-20,"오직 부자가 되고 싶은 꿈을 품고 여의도 증권가에 입성한 신입 주식 브로커 조일현(류준열). 빽도 줄도 없는, 수수료 O원의 그는 곧 해고 직전의 처지로 몰린다. 위기의 순간, 베일에 싸인 신화적인 작전 설계자 번호표(유지태)를 만나게 되고, 막대한 이익을 챙길 수 있는 거래 참여를 제안 받는다. 위험한 제안을 받아들인 후 순식간에 큰 돈을 벌게 되는 일현. 승승장구하는 일현 앞에 번호표의 뒤를 쫓던 금융감독원의 사냥개 한지철(조우진)이 나타나 그를 조여 오기 시작하는데…",13,박누리,15세이상관람가,"['류준열', '유지태', '조우진', '원진아', '박명신', '이화룡', '오희준', '정기섭', '차래형', '김강현', '유재명', '이서환']",https://image.tmdb.org/t/p/w780//4aW4qAmWEmQjN3wWT9spMhjvM2B.jpg,https://image.tmdb.org/t/p/original//6gNWAfrQuHvFBwoGfYNUNjTzRng.jpg,https://www.youtube.com/embed/dbCoJpk7_dA,4.86
20198104,바이스,2018,2015-01-16,"법도 규칙도 책임도 없는 도시 ‘바이스’. 이곳에서 사람들은 폭력, 살인, 강간 등 현실에선 불법인 광기를 분출한다. ‘바이스’에서 고객들의 욕망을 충족 시켜주는 건 인간의 유전자를 복제한 인공 지능 로봇으로 이들은 자신이 로봇이란 사실을 모른다. 그리고 이를 철저하게 통제하고 관리하는 건 냉혹한 경영자 ‘줄리안’(브루스 윌리스)이다.  어느 날, 로봇 중 하나인 ‘켈리’가 시스템의 오류로 모든 기억이 되살아 낸 채 ‘바이스’를 탈출한다.  이를 막으려는 ‘줄리안’과 ‘바이스’때문에 현실로 범죄가 이어진다고 비난하던 형사 ‘로이’(토마스 제인)가  이상한 낌새를 알아채고 ‘켈리’를 추격하기 시작한다.  그리고 ‘켈리’와 ‘로이’는 점차 믿을 수 없는 충격적 사실들과 마주하게 되는데…",3,아담 맥케이,15세이상관람가,"['크리스찬 베일', '에이미 아담스', '스티브 카렐', '타일러 페리', '샘 록웰']",https://image.tmdb.org/t/p/w780//vn8akeiW9Ex4bilkMK9gVWSnCqO.jpg,https://image.tmdb.org/t/p/original//cTPS3ib89O4HSOtZDa3YXvaas5F.jpg,,0.00
20185406,헬보이,2019,2004-04-02,"1944년, 2차세계대전에서 수세에 몰린 나치는 러시아의 흑마술사 라스푸틴을 고용, 지옥의 악마를 불러와 전세를 역전시킬 음모를 꾸민다. 라스푸틴의 염력으로 혼돈의 지옥신 자하드가 깨어나고 지옥의 문이 열리려 할 때, 미리 정보를 입수한 연합군의 공격으로 간신히 저지한다. 간발의 차이로 지옥에서 지구로 불려온 헬보이는 B.P.R.D.(Bureau of Paranormal Research &amp; Defence)를 설립한 브룸교수에게 인도되어 텔레파시 예지력을 지닌 양서인간 아베 사피엔, 불을 자유자재로 다루는 '파이로-키네시스' 리즈와 함께 악에 맞서는 전사로 성장한다.",8,닐 마샬,청소년관람불가,"['데이빗 하버', '밀라 요보비치', '이안 맥쉐인', '대니얼 대 킴']",https://image.tmdb.org/t/p/w780//l7ofyLowQCZsL1tBPmaBwiPoaoX.jpg,https://image.tmdb.org/t/p/original//13DIK3beAoroeJSdrcYm66s6hal.jpg,,6.83
20182501,왓칭,2019,2019-04-17,"늦은 시간까지 일하고 퇴근하던 ‘영우’는 수십 개의 CCTV로 둘러싸인 회사 지하주차장에서 정신을 잃고 만다. 눈을 뜬 그녀 앞에 등장한 건 바로 평소 안면이 있던 회사 경비원 ‘준호’. 갈아 입혀져 있는 붉은 드레스와 하이힐, 눈앞에 펼쳐진 장면은 바로 경비실 안 수십 개의 CCTV 화면들! 집, 자동차, 회사, 카페 등 자신의 모든 일상이 준호의 손바닥 안에서 감시되었다는 사실을 알게 된 ‘영우’는 필사의 탈출을 시작하는데...",2,김성기,15세이상관람가,"['강예원', '이학주', '주석태', '임지현', '조달환', '어성욱', '김노진']",https://image.tmdb.org/t/p/w780//vpKk8ARxhNVDna9Nx4JZamhAKOQ.jpg,https://image.tmdb.org/t/p/original//hleXLPb8OJzBVxCmc62hnj5mA7o.jpg,https://www.youtube.com/embed/LBmIcROdOaE,5.17
20198844,아이 엠 마더,2018,2019-06-07,"지구에서 멸종된 인류. 소녀에겐 자신을 키워준 로봇 ‘마더’가 전부였고, 마더 역시 ‘딸’인 소녀가 전부였다. 그들은 안전했다. 낯선 인간 여자가 나타나기 전까진.",8,피에르 모렐,15세이상관람가,"['제니퍼 가너', '존 갤러거 주니어']",https://image.tmdb.org/t/p/w780//eItrj5GcjvCI3oD3bIcz1A2IL9t.jpg,https://image.tmdb.org/t/p/original//kmPnDn9mbjD9Vzn1FTclNiSHGNa.jpg,,0.00
20196244,샤잠!,2019,2019-03-23,10대 소년 빌리 뱃슨(애셔 앤절)은 어릴 적 엄마와 헤어진 뒤 위탁 가정을 떠돌고 있다. 한편 어둠의 존재를 봉인 중인 마법사(디몬 하운수)는 자신의 뒤를 이를 후계자를 찾고 있다. 어린 시절 순수하지 못하다는 이유로 마법사에게 거부당한 시바나(마크 스트롱)는 오랜 시간 숨겨진 장소를 찾던 끝에 영원의 바위에 도착하여 7개의 대죄를 해방시키고 어둠의 힘을 얻는다. 이에 마법사는 빌리를 후계자로 정하고 샤잠(재커리 레비)의 힘을 전수한다. 슈퍼 파워를 얻게 된 빌리는 자신의 능력을 깨닫고 악당을 물리치는 슈퍼히어로로 다시 태어나는데...,8,데이비드 F. 샌드버그,12세이상관람가,"['제커리 리바이', '애셔 앤젤', '잭 딜런 그레이져', '마크 스트롱']",https://image.tmdb.org/t/p/w780//sPZxApU8d90Czd11S60UqOhuP9R.jpg,https://image.tmdb.org/t/p/original//ox7yc4cfR2bFMhBx7ESCpELJmba.jpg,https://www.youtube.com/embed/li1vYlPdzDc,5.83
20185352,어스,2019,2019-03-14,"애들레이드와 게이브 윌슨(루피타 뇽오와 윈스턴 듀크)은 아이들을 데리고 캘리포니아 북부에 있는 아들레이드의 오래된 해변가로 여름 휴가를 떠난다. 다음날 합류 한 타일러 가족(엘리자베스 모스와 팀 하이데커)과 함께 해변에서 하루를 보내지만, 애들레이드는 과거에 겪은 트라우마 증상이 심해지며 나쁜 일이 일어날 것이라는 공포에 시달린다. 밤이 되고 윌슨은 차도에 조용히 서있는 네명의 손을 맞잡은 뭔가를 보게 되는데...",2,조던 필,15세이상관람가,"['루피타 뇽', '윈스턴 듀크', '엘리자베스 모스', '팀 헤이데커', '야히아 압둘 마틴 2세', '애나 디옵', '에반 알렉스', '샤하디 라이트 조셉', '매디슨 커리', '칼리 쉘든', '노엘 쉘든', '카라 헤이워드']",https://image.tmdb.org/t/p/w780//vfNBftZoXsUnNWccz8ew9h8Jicx.jpg,https://image.tmdb.org/t/p/original//18qxSxzAUs7UjZ3dKCkxAOv0yb1.jpg,https://www.youtube.com/embed/VNh9Iwd0vhM,6.79
20197423,공포의 묘지,2018,2019-04-02,사후세계를 넘나드는 망자소환의식을 치르다 영혼을 빼앗긴 오빠를 구하기 위한 동생의 사투를 그린 공포영화,2,케빈 콜쉬,15세이상관람가,"['제이슨 클락', '존 리스고', '에이미 세이메츠']",https://image.tmdb.org/t/p/w780//yj8vYLY5yrJC8AgNsLgJc5e1IY3.jpg,https://image.tmdb.org/t/p/original//yoIA8KwFLk1hwInjGYrnydsIeze.jpg,,4.89
20183773,장난스런 키스,2018,2019-02-14,"A반 남신 ‘장즈수’와 처음 본 순간 KISS한 F반 ‘위안샹친’! 수학처럼 안 풀려도 절대 포기할 수 없는 확률 0% 멀고도 용감한 짝사랑 일대기.  장난 아니게 설레는 로코의 새로운 흥행 공식. 2019년 봄, 너 x 나 = 공식 ♡ 로코",4,프랭키 첸,12세이상관람가,"['왕대륙', '임윤']",https://image.tmdb.org/t/p/w780//wtaSH8MfJSCEIrrEX9SQuHdU5sl.jpg,https://image.tmdb.org/t/p/original//yY7kr7Rgvo8W0Kr3U0bMV8Zq1qM.jpg,https://www.youtube.com/embed/r7CLEHF3Efw,8.21
20198403,파이브 피트,2019,2019-03-15,"같은 병을 가진 사람끼리 6피트 이상 접근해서도, 접촉도 해선 안되는 CF(낭포성 섬유증)를 가진 ‘스텔라’와 ‘윌’. 첫눈에 반한 두 사람은 서로를 위해 안전거리를 유지하려고 하지만 그럴수록 더욱 빠져든다. 손을 잡을 수도 키스를 할 수도 없는 그들은 병 때문에 지켜야 했던 6피트에서 1피트 더 가까워지는 걸 선택하고 처음으로 용기를 내 병원 밖 데이트를 결심한다. 그러나 갑자기 숨을 쉬지 못하는 ‘스텔라’. ‘윌’은 그녀를 살리기 위해 안전거리를 어기게 되는데…",3,저스틴 밸도니,15세이상관람가,"['콜 스프로즈', '헤일리 루 리차드슨', '클레어 폴라니', '파민더 나그라', '모이세스 아리아스']",https://image.tmdb.org/t/p/w780//oXDWCIrCCA8kfz3kLIzfN61GafF.jpg,https://image.tmdb.org/t/p/original//8U7yoxEQsyJQc3RBCjNJu2d5uct.jpg,https://www.youtube.com/embed/vSq5P7rEbZA,8.99
20196025,덤보,2018,2019-03-27,"몸보다 훨씬 큰 귀를 가지고 태어나, 뒤뚱거리는 모습으로 서커스단의 웃음거리가 된 ‘덤보’. 어느 날 왕년의 서커스 스타 ‘홀트(콜린 파렐)’와 그의 아이들, 밀리와 조가 ’덤보’가 하늘을 날 수 있다는 것을 알게 되고, 유능한 사업가 ‘반데비어(마이클 키튼)’가 ‘덤보’를 스타로 만들기 위해 접근한다. 매력적인 공중 곡예사 ‘콜레트(에바 그린)’와 함께 하늘을 날게 된 ‘덤보’는 그의 친구들과 함께 환상적인 쇼를 둘러싼 어둠의 비밀을 발견하게 되는데…",1,팀 버튼,전체관람가,"['콜린 파렐', '마이클 키튼', '대니 드비토', '에바 그린']",https://image.tmdb.org/t/p/w780//ffiqLwHHHRKXs6cXKj0278qPi8H.jpg,https://image.tmdb.org/t/p/original//5tFt6iuGnKapHl5tw0X0cKcnuVo.jpg,https://www.youtube.com/embed/gffB1HO3azU,8.92
20197092,로망,2019,2019-04-03,"75세 조남봉과 71세 이매자는 치매 부부입니다. 결혼 45년차, 몸도 마음도 닮아진 부부는 이제 세상에 단 둘만 있는 것처럼 삽니다. 매일 기억이 흐릿해지지만, 먹고 사느라 잊었던 로망은 점점 더 선명해집니다.",4,이창근,전체관람가,"['이순재', '정영숙', '조한철', '배해선', '이예원', '진선규', '박보경', '이규형', '임철수']",https://image.tmdb.org/t/p/w780//9InB0qJsI8kKdrUwVXgkqmKZzSl.jpg,https://image.tmdb.org/t/p/original//lzDALhW7AVCmkMoy6OxkhlYd5cB.jpg,https://www.youtube.com/embed/dd2aTteZxt8,9.31
20198146,콜레트,2018,2018-09-21,"프랑스 생 소뵈르 작은 마을의 소녀 콜레트. 바람둥이 소설 편집자 윌리와 사랑에 빠져 파리에 왔지만 기대만큼 행복하지 않다. 파리의 콧대 높은 사교계와 화려하기만 한 물랑루즈에 지쳐갈 무렵 경제적 어려움에 처한 윌리의 부탁으로 자신의 경험을 녹인 소설을 쓰게 된다. 콜레트의 소설은 남편의 이름으로 출판되어 베스트셀러에 오르고 급기야 소설 속 주인공 이름을 딴 브랜드까지 런칭, 모든 상품들을 완판시키며 신드롬을 일으킨다 패션, 헤어스타일까지 유행을 이끌며 최고의 인플루언서가 되지만 모든 성공과 명예는 남편 윌리에게 돌아간다. 남편 뒤에 숨어있던 콜레트는 용기를 내어 자신의 존재를 드러내기로 결심하는데…",3,워시 웨스트모어랜드,15세이상관람가,"['키이라 나이틀리', '도미닉 웨스트', '엘리너 톰린슨']",https://image.tmdb.org/t/p/w780//lz8JiwPiIyxjrvP8CdcjDvs20Fy.jpg,https://image.tmdb.org/t/p/original//t2xCXhMjmjM3xT19aTBYppqSW1g.jpg,https://www.youtube.com/embed/DKPK8JnjOp0,8.67
20197846,악질경찰,2018,2019-03-20,"뒷돈은 챙기고, 비리는 눈감고, 범죄는 사주하는 악질경찰 조필호(이선균), 급하게 목돈이 필요했던 그는 경찰 압수창고를 털 계획을 세운다. 그러나 사건 당일 밤, 조필호의 사주를 받아 창고에 들어간 한기철(정가람)이 의문의 폭발사고로 죽게 되고, 필호는 유일한 용의자로 지목된다. 설상가상 거대기업의 불법 비자금 자료까지 타버려 검찰의 수사선상에도 오른다. 위기에서 벗어나기 위해 사건을 쫓던 중, 폭발사건의 증거를 가진 고등학생 미나(전소니)와 엮이게 되고 빙산의 일각에 불과한 거대한 음모와 마주치게 되는데...",13,이정범,청소년관람불가,"['이선균', '전소니', '박해준', '송영창', '박병은', '김민재', '남문철', '정가람', '이유영', '권오상', '오희준', '윤지온', '임철수']",https://image.tmdb.org/t/p/w780//vC6cgD0hJlM9H5Ejv79G7esSv25.jpg,https://image.tmdb.org/t/p/original//e24hF7t4stinKy3GtS5KeTJ7nLu.jpg,https://www.youtube.com/embed/YEKyOEXq23g,5.78
20175407,우상,2018,2019-03-20,"청렴한 도덕성으로 시민들의 뜨거운 지지를 받으며 차기 도지사로 주목받고 있는 도의원 구명회(한석규), 어느 날 아들이 교통사고를 내고 이를 은폐한 사실을 알게 된다. 신망받는 자신의 정치 인생이 무엇보다 중요했던 그는 아들을 자수시킨다. 오직 아들만이 세상의 전부인 유중식(설경구)은 지체 장애 아들 부남을 위해서라면 못할 것이 없다. 자신의 모든 것인 아들이 갑자기 교통사고를 당해 싸늘한 시체로 돌아오자 절망에 빠진다. 사고 당일 아들의 행적을 이해할 수 없고, 함께 있다 자취를 감춘 며느리 최련화(천우희)를 찾기 위해 경찰에 도움을 청하지만 그의 말을 들어주는 사람은 없다. 아들의 죽음 너머에 드리운 비밀을 밝히기 위해 중식은 홀로 사고를 파헤치기 시작한다. 한편 그날 밤 사고의 진실을 유일하게 알고 있는 최련화, 부남과 함께 있다 연기처럼 사라져버린 그녀에게는 아무도 알지 못하는, 알아서도 안 될 진실이 숨겨져 있는데…",7,이수진,15세이상관람가,"['한석규', '설경구', '천우희', '김재화', '현봉식', '안다정', '문순주', '조병규', '강말금']",https://image.tmdb.org/t/p/w780//bm7B7qPQo0UZTwxmQzUKZecg0O1.jpg,https://image.tmdb.org/t/p/original//kKayxjjMaZqoUcdejw6f14pEufr.jpg,https://www.youtube.com/embed/_rP5cLZuQlk,3.93
20166301,썬키스 패밀리,2017,2019-03-27,"결혼 20년 차에도 식을 줄 모르는 사랑을 나누는 뜨거운 부부 준호(박희순)와 유미(진경), 그러나 이들의 두 자녀 아들 철원(장성범)과 딸 경주(윤보라)는 성인이 되었지만 뜻밖의 신체적 문제로 사랑을 하는 것이 세상 어렵다. 늦둥이 막내딸 진해(이고은)에게는 매일 밤 부모의 침실에서 들려오는 소리 ‘삐그덕 쿵’이 ‘가족의 행복전선 이상무’를 알리는 신호였다. 그러던 어느 날, 옆집에 아빠의 친구라는 예쁜 아줌마 미희(황우슬혜)가 이사를 오고 엄마의 불 같은 오해(!)가 시작되는데. 그날 밤부터 ‘삐그덕 쿵’ 소리가 멈추고 가족의 행복발전소 가동이 멈췄다!",1,김지혜,15세이상관람가,"['박희순', '진경', '황우슬혜', '장성범', '윤보라', '이고은', '정상훈', '강민']",https://image.tmdb.org/t/p/w780//tKq9w3g3I6ZFcqgP4MTOM72KrIP.jpg,https://image.tmdb.org/t/p/original//r7yhiwjUmDzQ6DBTsyraoomHzxq.jpg,https://www.youtube.com/embed/BN76YlpKCDo,5.90
20197483,1919 유관순,2019,2019-03-14,"100년 전, 소녀들이 대한독립을 위해 세상에 맞서기 시작했다. 우리가 기억해야 할 그 시절 모든 소녀들의 이름, 그녀들이 남긴 그날의 가장 생생한 기록!",14,신상민,12세이상관람가,"['이새봄', '양윤희', '김나니', '박자희', '장세아', '하희라', '김홍표']",https://image.tmdb.org/t/p/w780//iyaWX6nJUoCocHEhQzW2onM1GwT.jpg,https://image.tmdb.org/t/p/original//2FXXsXcAlbyTnmKtxa0tkpSss9f.jpg,,8.34
20197283,이스케이프 룸,2018,2017-08-31,"커플 데이트를 즐기기 위해 LA의 가장 인기 있는 방탈출 카페를 찾은 네 명의 남녀. 그러나 게임 도중 실수로 저주받은 ‘스컬 박스’를 열게 되고, 그로 인해 밀실에 있던 살인마에게 악령이 빙의 되면서 이들의 데이트는 악몽으로 뒤바뀐다. 살아서 이 방을 나갈 수 있는 방법은 오직 단 하나. 제한 시간 60분 안에 살인마의 눈을 피해 유일한 출구를 열 수 있는 단서를 찾아야만 한다.",8,애덤 로비텔,15세이상관람가,"['테일러 러셀', '로건 밀러', '제이 엘리스', '타일러 라빈', '데보라 앤 월', '닉 도다니']",https://image.tmdb.org/t/p/w780//7V6CQFqg7Iqwvqnc0IPZssTNleK.jpg,https://image.tmdb.org/t/p/original//1e5GyqXhpgfKZFI8lgAknJYKgQU.jpg,,7.62
20197356,라스트 미션,2018,2008-11-26,"어떤 의뢰품이든 절대 알려 하지 않고 정해진 자신의 룰에 따라 완벽하게 운반하는 전문 ‘트랜스포터’ 프랭크 마틴(제이슨 스테덤). 평화로운 삶을 살아가던 어느 날 담벼락을 뚫고 쳐들어온 아우디 한 대와 피범벅이 된 사나이, 정체 모를 한 여인을 발견한다. 그리고 그들의 손목에 채워진 폭탄팔찌. 차에서 떨어지기를 거부하던 남자를 구급차에 태워보내자 엄청난 굉음과 함께 폭발하고 만다.  불법 환경 사업가로 위장한 존슨(로버트 네퍼)은 프랭크를 납치해 그의 차에서 10m이상 떨어지면 폭 발하는 팔찌를 손목에 장착하고, 목숨을 담보로 한 위험한 거래를 제안한다. 그리고 의문의 한 여인 을 정해진 장소까지 동행하라는 명령을 받게 되는데…  살고 싶다면 스피드를 올려라!!  살기 위해서라면 질주 할 수 밖에 없는 절대 미션, 차에서 떨어지면 폭발해버리는 폭탄, 그리고 자신 을 조종하고 있는 존슨이 프랭크와 동승한 여인을 인질로 전 세계를 위험에 빠트릴 엄청난 계획을 꾸 미고 있음을 알게 된다. 시시각각 조여오는 절체절명의 순간에서 프랭크는 과연 마지막 미션을 성공 할 수 있을 것인가!!",3,클린트 이스트우드,15세이상관람가,"['클린트 이스트우드', '타이사 파미가', '브래들리 쿠퍼', '마이클 페나']",https://image.tmdb.org/t/p/w780//lDm7PhEzMx35uixohele2F48bXm.jpg,https://image.tmdb.org/t/p/original//mBLimfLfAcAhKTSf6d2lU8fNNuJ.jpg,,8.82
20198603,페이트 스테이 나이트 헤븐즈필 제2장 로스트 버터플라이,2019,,,12,스도 토모노리,15세이상관람가,"['스기야마 노리아키', '시타야 노리코', '카미야 히로시', '카와스미 아야코']",,,,7.96
20197617,정글북: 마법 원정대,2015,2015-11-12,"평화로운 마을을 습격한 하이에나들은 마을의 식량을 빼앗고 사바의 엄마와 마을 사람들을 가두어 버린다. 사바는 전설 속 영웅을 찾기로 결심하고 숲을 지키는 늑대 영웅 리키와 함께 모험을 떠난다. 모험 중, 저주에 걸린 마법 원정대를 만나게 된 사바와 리키. 이들은 힘을 합쳐 마법사를 찾아 가야만 하는데… 한편, 악당 대왕 원숭이 조지맘과 부하들은 이들을 막기 위해 거대한 전쟁을 일으키려 한다. 과연 사바와 마법 원정대는 무사히 마을을 구해낼 수 있을까?",12,막심 파디브,전체관람가,,https://image.tmdb.org/t/p/w780//1hACREScXznocb3bZQXqciHaMD8.jpg,https://image.tmdb.org/t/p/original//uA2EVUaUDCaTAErPozBo8QXqsry.jpg,,6.99
20184574,그린 북,2018,2018-11-16,"1962년 미국, 입담과 주먹만 믿고 살아가던 토니 발레롱가(비고 모텐슨)는 교양과 우아함 그 자체인 천재 피아니스트 돈 셜리(마허샬라 알리)의 운전기사 면접을 보게 된다. 백악관에도 초청되는 등 미국 전역에서 콘서트 요청을 받으며 명성을 떨치고 있는 돈 셜리는 위험하기로 소문난 미국 남부 투어 공연을 떠나기로 결심하고, 투어 기간 동안 자신의 보디가드 겸 운전기사로 토니를 고용한다. 거친 인생을 살아온 토니와 교양과 기품을 지키며 살아온 돈. 생각, 행동, 말투, 취향까지 달라도 너무 다른 두 사람은 그들을 위한 여행안내서 그린북에 의존해 특별한 남부 투어를 시작하는데...",3,피터 패럴리,12세이상관람가,"['비고 모텐슨', '마허샬라 알리']",https://image.tmdb.org/t/p/w780//fO0oIKQAnDe6COaf5Rdg2StDHQE.jpg,https://image.tmdb.org/t/p/original//78PjwaykLY2QqhMfWRDvmfbC6EV.jpg,https://www.youtube.com/embed/S0xxtl3rSw0,9.61
20196601,항거:유관순 이야기,2018,2019-02-27,"1919년 3.1 만세운동 후 세평도 안 되는 서대문 감옥 8호실 속, 영혼만은 누구보다 자유로웠던 유관순과 8호실 여성들의 1년의 이야기. 한 명의 청춘이 겪었던 당대의 어려움, 삶 자체의 시대적 고민을 가지고 있는 사람들의 대변인. 인간 유관순의 고뇌와 삶에 대한 태도를 그린다.",3,조민호,12세이상관람가,"['고아성', '김새벽', '김예은', '정하담', '류경수', '최무성']",https://image.tmdb.org/t/p/w780//qHOwoPTZDRERslz6nR3QzKjnw1y.jpg,https://image.tmdb.org/t/p/original//tJzNn1bHEVsmZ5wvojHnDmXHjEY.jpg,https://www.youtube.com/embed/cU_lhnaFNiA,8.62
20182530,극한직업,2018,2019-01-23,"불철주야 달리고 구르지만 실적은 바닥, 급기야 해체 위기를 맞는 마약반!  더 이상 물러설 곳이 없는 팀의 맏형 고반장은 국제 범죄조직의 국내 마약 밀반입 정황을 포착하고 장형사, 마형사, 영호, 재훈까지 4명의 팀원들과 함께 잠복 수사에 나선다.  마약반은 24시간 감시를 위해 범죄조직의 아지트 앞 치킨집을 인수해 위장 창업을 하게 되고, 뜻밖의 절대미각을 지닌 마형사의 숨은 재능으로 치킨집은 일약 맛집으로 입소문이 나기 시작한다.  수사는 뒷전, 치킨장사로 눈코 뜰 새 없이 바빠진 마약반에게 어느 날 절호의 기회가 찾아오는데…",11,이병헌,15세이상관람가,"['류승룡', '이하늬', '진선규', '이동휘', '공명', '양현민', '장진희', '허준석', '한준우', '김명준', '나철', '정재광', '정원창', '김강현', '김지영', '오정세', '이중옥']",https://image.tmdb.org/t/p/w780//mkMQDyrJ9g4j6JSBrq7Nv4esSKY.jpg,https://image.tmdb.org/t/p/original//hn7oqr6RVqr3u6dcGoPRPi4jj1m.jpg,https://www.youtube.com/embed/BaIRaKXrLPk,8.52
20185881,증인,2018,2019-02-13,"신념은 잠시 접어두고 현실을 위해 속물이 되기로 마음먹은 민변 출신의 대형 로펌 변호사 ‘순호’(정우성). 파트너 변호사로 승진할 수 있는 큰 기회가 걸린 사건의 변호사로 지목되자 살인 용의자의 무죄를 입증하기 위해 유일한 목격자인 자폐 소녀 ‘지우’(김향기)를 증인으로 세우려 한다. 자기만의 세계에 빠져 의사소통이 어려운 ‘지우’. ‘순호’는 사건 당일 목격한 것을 묻기 위해 ‘지우’를 찾아가지만, 제대로 된 인사조차 나누지 못한다. 하지만 그날의 이야기를 듣기 위해 지우에게 다가가려 노력하는 ‘순호’, 시간이 흐를수록 조금씩 ‘지우’에 대해 이해하게 되지만 이제 두 사람은 법정에서 변호사와 증인으로 마주해야 하는데…",3,이한,12세이상관람가,"['정우성', '김향기', '이규형', '염혜란', '장영남', '정원중', '김종수', '박근형', '송윤아', '이준혁', '이레', '김승욱', '오재세', '이채은', '이서준', '이서환']",https://image.tmdb.org/t/p/w780//iv37yISyjBd9Qnp3wZAui5IpYAk.jpg,https://image.tmdb.org/t/p/original//iJtsrvr9fWPpx9QO3PwuqMz58wy.jpg,https://www.youtube.com/embed/ziVB8AmE2D8,9.08
20177539,사바하,2018,2019-02-20,"신흥 종교 비리를 찾아내는 종교문제연구소 ‘박목사’(이정재). 최근 사슴동산이라는 새로운 종교 단체를 조사 중이다. 영월 터널에서 여중생이 사체로 발견되는 사건이 발생하고 이를 쫓던 경찰과 우연히 사슴동산에서 마주친 박목사는 이번 건이 심상치 않음을 직감한다. 터널 사건 유력 용의자의 자살, 그리고 실체를 알 수 없는 정비공 ‘나한’(박정민)과 16년 전 태어난 쌍둥이 동생 ‘금화’(이재인)의 존재까지, 사슴동산에 대해 파고들수록 박목사는 점점 더 많은 미스터리와 마주하게 되는데…!",5,장재현,15세이상관람가,"['이정재', '박정민', '이재인', '유지태', '정진영', '진선규', '이다윗', '배해선', '차래형', '황정민', '김근영', '윤경호']",https://image.tmdb.org/t/p/w780//9NvqPjMwjQ2hGwSEXcZ1VZ4mqVS.jpg,https://image.tmdb.org/t/p/original//vDTHyh8NeKj3dyGY8FZDRhnI8WB.jpg,https://www.youtube.com/embed/X6-fD7MuEYM,7.23
20196723,숲속왕국의 꿀벌 여왕,2017,2017-12-13,"여러 곤충들이 어울려 사는 숲속왕국, 특별 파티를 앞두고 꿀벌 여왕 ‘마가렛’이 사라졌다? 베짱이 뮤지션과 친구들은 사건을 해결하기 위해 나서는데… 과연 왕국의 평화를 되찾을 수 있을까?",12,아르나드 부롱,전체관람가,"['최원형', '장은숙', '안종덕', '전진아', '장경희', '변종필', '박영화', '고성일']",https://image.tmdb.org/t/p/w780//mXRzCDd77kgCggUOdWFL7Ilg9su.jpg,https://image.tmdb.org/t/p/original//bNHmqm4y8yA6ReVaqmVezFFfydR.jpg,,8.66
20180937,더 페이버릿: 여왕의 여자,2018,2018-11-23,절대 권력을 지닌 히스테릭한 영국의 여왕 ‘앤’(올리비아 콜맨). ​여왕의 오랜 친구이자 권력의 실세 ‘사라 제닝스’(레이첼 와이즈)와 ​신분 상승을 노리는 몰락한 귀족 가문 출신의 욕망 하녀 ​‘애비게일 힐’(엠마 스톤)은 여왕의 총애를 받기 위해 ​수단과 방법을 가리지 않고 발버둥치기 시작하는데…​,3,요르고스 란티모스,15세이상관람가,"['올리비아 콜맨', '엠마 스톤', '레이첼 와이즈', '니콜라스 홀트', '마크 게티스', '조 알윈']",https://image.tmdb.org/t/p/w780//gRYzmzDAGrNhIiWtkih5OXsPB1i.jpg,https://image.tmdb.org/t/p/original//ph5fElfh4U7O3jwhFljxz2LDp1l.jpg,https://www.youtube.com/embed/tJGnxGbddtc,8.76
20177282,리노,2017,2017-09-07,"못생긴 고양이 분장 전문 파티 플래너 ‘리노’는 소심한 성격에 되는 일 하나 없는 불만 가득 청년. 하루하루 무기력하게 살아가던 중 우연히 광고를 보고 찾아간 마법사 ‘돈 레옹’에게 자신의 인생을 변화시켜 줄 것을 요청하지만 마법사의 실수로 진짜 고양이로 변하게 된다. 귀엽고 커다란 고양이의 모습에 난생 처음으로 사람들의 관심을 한 몸에 받지만, 얼마 안 가 인생 최대의 위기를 맞게 되는데…  과연 ‘리노’는 위기를 극복하고 원래의 모습으로 돌아갈 수 있을까?",12,라파엘 리바스,전체관람가,,https://image.tmdb.org/t/p/w780//cjyP5DCBn0HguOYL4WZ0y1voQ38.jpg,https://image.tmdb.org/t/p/original//sJNFfTWGQFG1jqJFiIW6lBbC6Dl.jpg,,8.07
20176442,자전차왕 엄복동,2018,2019-02-27,"일제강점기, 일본에서는 조선의 민족의식을 꺾고 그들의 지배력을 과시하기 위해 전조선자전차대회를 개최한다. 하지만 일본 최고의 선수들을 제치고 조선인 최초로 우승을 차지한 엄복동의 등장으로 일본의 계략은 실패로 돌아가고, 계속되는 무패행진으로 ‘민족 영웅’으로 떠오른 그의 존재에 조선 전역은 들끓기 시작한다. 때맞춰 애국단의 활약까지 거세지자 위기감을 느낀 일본은 엄복동의 우승을 막고 조선인들의 사기를 꺾기 위해 최후의 자전차 대회를 개최하는데...",3,김유성,12세이상관람가,"['정지훈', '강소라', '이범수', '민효린', '김희원', '고창석', '이시언', '오민애', '박진주', '이정현']",https://image.tmdb.org/t/p/w780//zFLAZe7W95FBtmt19mTYzMSp4Ep.jpg,https://image.tmdb.org/t/p/original//gHHEEAnCnv5AUeTzmg4yjtasiOQ.jpg,https://www.youtube.com/embed/Hxj7QgkWf90,3.84
20195743,신데렐라:마법 반지의 비밀,2018,2018-10-01,"새엄마와 두 언니의 구박에도 늘 씩씩한 신데렐라는 꼬꼬마 마법사 크리스탈의 도움으로 생쥐 친구들과 함께 왕궁 무도회에 참석하게 된다. 하지만 진짜 왕자는 마녀의 주문에 걸려 있다는 사실을 알게 되고, 왕자를 구하기 위해 마법의 숲에 있는 전설 속 반지를 찾기 위한 모험을 시작하는데…",12,린 사우더랜드,전체관람가,"['사문영', '김혜성', '남도형', '시영준', '김경희', '민아', '탁원정']",https://image.tmdb.org/t/p/w780//fb3R1wWL87QLt5DwsXrSBVnq15B.jpg,https://image.tmdb.org/t/p/original//ozUAPUxhpzwePlyp7TULZ4kQ64M.jpg,,6.33
20195791,"어쩌다, 결혼",2018,2019-02-27,"재산을 물려받기 위해서는 결혼을 꼭 해야만 하는 ‘성석’(김동욱). 엄마와 세 오빠의 결혼 압박에서 벗어나 나만의 인생을 찾고 싶은 ‘해주’(고성희). 부모님의 등쌀에 못 이겨 나간 맞선 자리에서 만나게 된 둘은 각자의 목적을 달성하기 위해 딱! 3년간만 결혼하는 ‘척’하기로 계약한다. 하지만 두 사람의 결혼 준비가 진행될수록 방해꾼들은 늘어만 가고, 넘어야 할 산이 한두 개가 아닌데… 결혼하는 척, 같이 사는 척, 딱! 3년만 하는 척! 척! 과연 두 사람의 ‘하는 척’은 성공할 수 있을까?",4,박호찬,12세이상관람가,"['김동욱', '고성희', '황보라', '김의성', '임예진', '염정아', '한수현', '이채은', '김선영', '차래형', '김명준', '손지현', '이준혁', '민무제', '강신철']",https://image.tmdb.org/t/p/w780//aR9x3P92cQeWi1EaJBxoxkbMPnK.jpg,https://image.tmdb.org/t/p/original//ieaZDKIjfpN6cIDQzcBqY2oDSiN.jpg,https://www.youtube.com/embed/fVw8YxXw94s,4.47
20186261,드래곤 길들이기 3,2018,2010-03-10,"바이킹의 세계, 절대 친구가 될 수 없는 둘이 만났다?  용맹한 바이킹과 사나운 드래곤들의 싸움이 끊이지 않는 버크섬.  바이킹 족장의 아들 ‘히컵’은 드래곤 사냥에 소질 없는 마을의 사고뭉치. 어느날 그는 부상 당한 드래곤 ‘투슬리스’를 구하게 되고, 아무도 몰래 그를 돌본다. 서로를 알아가며, 드래곤들의 친구가 된 ‘히컵’. 그들과의 새로운 생활을 만끽하던 ‘히컵’은 드래곤들의 위험한 비밀을 알게 되는데…  불멸의 드래곤과 바이킹족 이단아의 만남!  2010년 5월, 그들의 스펙터클한 모험이 시작된다!",12,딘 데블로이스,전체관람가,"['제이 바루첼', '아메리카 페레라', '케이트 블란쳇', '킷 해링턴', '크레이그 퍼거슨', 'F. 머레이 아브라함']",https://image.tmdb.org/t/p/w780//5JtTkNwOeztwfCPv965e9bZi6G3.jpg,https://image.tmdb.org/t/p/original//mxPvA8cj0Eqa1A13DcT5NzFq7Ta.jpg,,9.24
20188282,알리타: 배틀 엔젤,2018,2019-01-31,모두가 갈망하는 공중도시와 그들을 위해 존재하는 고철도시로 나누어진 26세기. 고철 더미 속 모든 기억을 잃은 채 깨어난 알리타는 마음 따뜻한 의사 이도의 보살핌으로 새로운 삶을 시작한다. 이도는 사이보그인 알리타에게 특별한 과거의 비밀과 영혼이 존재한다는 사실을 깨닫고 미스터리한 과거로부터 그녀를 지키고자 한다. 한편 새로운 친구 휴고는 알리타가 위험한 고철도시를 헤쳐나갈 수 있는 방법과 함께 기억을 되찾도록 돕는다. 알리타가 자신의 과거에 다가갈수록 도시를 지배하는 악랄한 세력들이 그녀를 노리며 제거하려고 하는데...,8,로버트 로드리게즈,12세이상관람가,"['크리스토프 왈츠', '에드 스크레인']",https://image.tmdb.org/t/p/w780//EmKXs46sx0YjwMY1LaELSPUFim.jpg,https://image.tmdb.org/t/p/original//8yjqnpOfuFQg3qLRl9Ca1NgIBB5.jpg,https://www.youtube.com/embed/GhRi_BiaT0k,8.69
20195915,해피 데스데이 2 유,2018,2019-02-13,절대 끝나지 않는 생일에 또다시 갇혀버린 트리와 더 강력하게 돌아온 베이비의 끝내주는 호러테이닝 무비,2,크리스토퍼 랜던,15세이상관람가,"['제시카 로테', '이스라엘 브로우사드']",https://image.tmdb.org/t/p/w780//y6Ezb917fuqpOULP5uBfZUvSG8e.jpg,https://image.tmdb.org/t/p/original//3KdQh3EsjXBSojVydtBQEh5TdAG.jpg,https://www.youtube.com/embed/-hJmsK_8tM8,7.36
20020222,해리포터와 비밀의 방,2002,2002-11-13,"해리 포터에겐 이번 여름방학이 별로 즐겁질 못했다. 마법이라면 질색을 하는 페투니아 이모(피오나 쇼 분)와 버논 이모부(리차드 그리피스 분)의 구박도 그렇지만, 무엇보다 속상한 건 단짝이었던 론 위즐리(루퍼트 그린트 분)와 헤르미온느 그레인저(엠마 왓슨 분)가 그 사이 자신을 까맣게 잊었는지 자신의 편지에 답장 한 통 없다는 것.  그러던 어느날 꼬마 집요정 도비가 해리의 침실에 나타나 뜻밖의 얘기를 한다. 호그와트 마법학교로 돌아가면 무서운 일을 당할 거라는 것. 도비는 해리를 학교에 못 가게 하려고 자신이 여태까지 론과 헤르미온느의 답장을 가로채 왔음을 고백한다. 그러나 도비와 더즐리 가족의 방해에도 불구, 해리는 론과 그의 형제들이 타고 온 하늘을 나는 자동차를 타고 이모집을 탈출, 따뜻한 가족애가 넘치는 론 위즐리의 집으로 간다.",3,크리스 콜럼버스,전체관람가,"['다니엘 래드클리프', '엠마 왓슨', '루퍼트 그린트']",https://image.tmdb.org/t/p/w780//kJGAdaGGk4YB2l43kBPgVjAHZ6Z.jpg,https://image.tmdb.org/t/p/original//avqzwKn89VetTEvAlBePt3Us6Al.jpg,https://www.youtube.com/embed/5s8hdouZmG8,8.86
20185576,콜드 체이싱,2019,2019-02-07,"평범한 제설차 운전수이자 올해의 모범시민 ‘넬스 콕스맨’. 법 없이도 살 수 있던 그는 마약 조직의 사이코패스 보스 ‘바이킹’이 꾸며낸 아들의 처참한 죽음 앞에서 분노의 심판자로 다시 태어난다. ‘스피도’, ‘림보’, ‘산타’ 등 마피아들을 연달아 처단하며 그들의 소굴에 한 걸음 가까워질수록 ‘넬스’의 분노는 죽음도 대신할 수 없는 깊은 복수심으로 소용돌이 치는데…",8,한스 페터 몰란트,15세이상관람가,"['리암 니슨', '톰 베이트먼', '윌리엄 포사이스', '에미 로섬', '로라 던', '줄리아 존스']",https://image.tmdb.org/t/p/w780//r2pzXSlKzof7U7ahrX5hh1HNGit.jpg,https://image.tmdb.org/t/p/original//aiM3XxYE2JvW1vJ4AC6cI1RjAoT.jpg,https://www.youtube.com/embed/PJ_KD9FMaoA,6.65
20184888,메리 포핀스 리턴즈,2018,2018-12-13,"체리트리 가 17번지에 살고 있는 마이클과 세 아이들은 아내와 엄마를 잃고, 집까지 빼앗길 위기에 처해 슬픔에 잠긴다. 어느 날, 바람의 방향이 바뀌고 마이클의 가족에게 다시 돌아온 ‘메리 포핀스’는 사랑스러운 마법으로 가득 찬 황홀한 경험을 선사하는데…",10,롭 마샬,전체관람가,"['에밀리 블런트', '린-마누엘 미란다', '벤 위쇼', '에밀리 모티머', '줄리 월터스', '콜린 퍼스', '메릴 스트립', '딕 반 다이크', '데이빗 워너', '안젤라 랜스베리']",https://image.tmdb.org/t/p/w780//qHUAcbs57DXdCS2jvgNqqfq2L7.jpg,https://image.tmdb.org/t/p/original//cwiJQXezWz876K3jS57Sq56RYCZ.jpg,https://www.youtube.com/embed/ZJEDQeeB8eo,8.15
20174169,기묘한 가족,2018,2019-02-13,"망해버린 주유소의 트러블메이커 가장 '만덕'은 우연히 만난 좀비를 집안에 들인다. 여타 좀비와 달리 반반한 외모, 말귀 알아듣는 ‘쫑비’를 보며 저마다의 속셈으로 패밀리 비즈니스를 꿈꾸는 가족. 리더인 맏며느리 '남주'를 중심으로 행동대장 장남 '준걸'과 브레인 차남 '민걸' 에너지 담당 막내 '해걸'에 물리면 죽기는커녕 더 젊어지는 좀비 '쫑비'까지! 이들의 기막힌 비즈니스는 조용했던 동네를 별안간 혈기 왕성한 마을로 만들어버리는데...",11,이민재,12세이상관람가,"['정재영', '김남길', '엄지원', '이수경', '정가람', '박인환', '장세아', '김지안', '장지건', '오안진', '이성우', '전배수']",https://image.tmdb.org/t/p/w780//jQ4CMTvz7s5R6csiu3RH7TVNfS9.jpg,https://image.tmdb.org/t/p/original//xIJEMb5PSnzoLgsn4p3KnwPIiE2.jpg,https://www.youtube.com/embed/k2BtOScnm8w,6.04
20180868,뺑반,2018,2019-01-30,"경찰 내 최고 엘리트 조직 내사과 소속 경위 ‘은시연’(공효진). 조직에서 유일하게 믿고 따르는 ‘윤과장’(염정아)과 함께 F1 레이서 출신의 사업가 ‘정재철’(조정석)을 잡기 위해 수사망을 조여가던 시연은 무리한 강압 수사를 벌였다는 오명을 쓰고 뺑소니 전담반으로 좌천된다. 알고 보면 경찰대 수석 출신, 만삭의 리더 ‘우계장’(전혜진)과 차에 대한 천부적 감각을 지닌 에이스 순경 ‘서민재’(류준열). 팀원은 고작 단 두 명, 매뉴얼도 인력도 시간도 없지만 뺑소니 잡는 실력만큼은 최고인 ‘뺑반’. 계속해서 재철을 예의주시하던 시연은 뺑반이 수사 중인 미해결 뺑소니 사건의 유력한 용의자가 재철임을 알게 된다. 뺑소니 친 놈은 끝까지 쫓는 뺑반 에이스 민재와 온갖 비리를 일삼는 재철을 잡기 위해 모든 것을 건 시연. 하나의 목표를 향해 힘을 합친 그들의 팀플레이가 시작되는 가운데 방법을 가리지 않고 수사망을 빠져 나가려는 통제불능 스피드광 재철의 반격 역시 점점 과감해지는데…!",13,한준희,15세이상관람가,"['공효진', '류준열', '조정석', '염정아', '전혜진', '손석구', '김기범', '이학주', '정수지', '배유람', '이성욱', '류경수', '김고은', '차래형', '박형수', '박예영', '나철', '이해운']",https://image.tmdb.org/t/p/w780//wyu2vlvX0a7Pe1QRz02aEfklxFo.jpg,https://image.tmdb.org/t/p/original//u4hmPdATcvsdtxXOjCypzPv0x6s.jpg,https://www.youtube.com/embed/1-o3P-IqYBo,6.01
20162003,명탐정 코난:전율의 악보,2008,,,12,야마모토 야스이치로,12세이상관람가,"['타카야마 미나미', '야마자키 와카나', '카미야 아키라']",,,,8.27
20185478,극장판 헬로카봇: 옴파로스 섬의 비밀,2018,2019-01-31,따뜻한 남태평양으로 휴가를 떠난 차탄 가족과 친구들은 어느 외딴섬에 표류하고 만다. 그곳은 바로 지구의 배꼽이라 불리는 강력한 생명력을 지닌 신비의 섬 ‘옴파로스’! 그곳에서 차탄 가족은 ‘슈퍼연료전지 구공탄’을 노리는 외계 로봇들의 공격으로 위기에 처하는데… 지구 온난화를 일으켜 세상을 정복하려는 ‘외계인’들에 맞선 차탄과 ‘동물카봇’의 운명을 건 대결이 시작된다!,12,김진철,전체관람가,"['이지현', '김용준', '양정화', '사문영', '홍범기', '이현', '시영준', '엄상현', '임정길', '서윤선']",https://image.tmdb.org/t/p/w780//8dotxIfXTGtO7ylzsf193aAxP8d.jpg,https://image.tmdb.org/t/p/original//A2zFbcaIzlorXoGkU0OKpvQ5UMp.jpg,https://www.youtube.com/embed/Ktn2M22ASRY,8.74
20185444,레고 무비2,2019,,,12,마이크 미첼,전체관람가,"['크리스 프랫', '엘리자베스 뱅크스', '알리슨 브리', '채닝 테이텀', '스테파니 비트리즈', '조나 힐', '티파니 해디쉬', '윌 아넷', '닉 오퍼맨', '찰리 데이', '아르투로 카스트로']",,,,8.73
20184105,말모이,2018,2019-01-09,"1940년대 우리말이 점점 사라져가고 있는 경성.  극장에서 해고된 후 아들 학비 때문에 가방을 훔치다 실패한 판수.  하필 면접 보러 간 조선어학회 대표가 가방 주인 정환이다.  사전 만드는데 전과자에다 까막눈이라니!  그러나 판수를 반기는 회원들에 밀려 정환은 읽고 쓰기를 떼는 조건으로 그를 받아들인다.  돈도 아닌 말을 대체 왜 모으나 싶었던 판수는 난생처음 글을 읽으며 우리말의 소중함에 눈뜨고,  정환 또한 전국의 말을 모으는 ‘말모이’에 힘을 보태는 판수를 통해 ‘우리’의 소중함에 눈뜬다.  얼마 남지 않은 시간, 바짝 조여오는 일제의 감시를 피해 ‘말모이’를 끝내야 하는데…",3,엄유나,12세이상관람가,"['유해진', '윤계상', '김홍파', '우현', '김선영', '민진웅', '이성욱', '조현철', '오희준', '정기섭', '허성태', '김동영', '예수정', '김태훈', '김규백', '이정은', '유재명', '이서환', '윤경호']",https://image.tmdb.org/t/p/w780//bGFA0TYEjzsK2YL8IcodOIeCrhO.jpg,https://image.tmdb.org/t/p/original//xc8Ini15Leo3lb23Vz9MhwR0dtL.jpg,https://www.youtube.com/embed/lHjy3OK2eqk,9.09
20185124,러브 유어셀프 인 서울,2018,2019-01-26,"2018년 8월 서울공연을 시작으로, 미주, 유럽, 아시아 등 20개 도시 41회 공연 규모로 열리는 'LOVE YOURSELF’ 투어. 현재 진행 중인 가장 핫한 콘서트를 담은 ‘러브 유어셀프 인 서울’은 미국 빌보드 200 1위에 빛나는 글로벌 그룹 방탄소년단 월드투어의 포문을 여는 서울 콘서트를 담아냈으며, 전 세계가 기다린 최고의 무대를 더욱 생동감 있게 느낄 수 있다.",17,,전체관람가,"['김남준', '김석진', '민윤기', '정호석', '박지민', '김태형', '전정국']",https://image.tmdb.org/t/p/w780//asKB3S1XBlpNQOUSMvgX8y8CQPq.jpg,https://image.tmdb.org/t/p/original//8GXkzHTvuj3ftethkrqW330LJKz.jpg,https://www.youtube.com/embed/GFHWSVSfXKg,9.29
20184896,가버나움,2018,2018-10-06,"칼로 사람을 찌르고 교도소에 갇힌 12살 소년 자인은 부모를 상대로 소송을 제기한다. 신분증도 없고, 출생증명서도 없어서 언제 태어났는지도 모르는 자인. 법정에 선 자인에게 왜 부모를 상대로 소송을 제기하는지 판사가 묻자 자인이 대답한다. ‘태어나게 했으니까요. 이 끔찍한 세상에 태어나게 한 게 그들이니까요.’",3,나딘 라바키,15세이상관람가,"['자인 알 라피아', '요르다노스 시프로우', '보루와티프 트레저 반콜', '나딘 라바키']",https://image.tmdb.org/t/p/w780//bePvMvG9NBF63RWZgXIJkkctgu2.jpg,https://image.tmdb.org/t/p/original//8e0ETQmrgcP6R8TaVjd7o9NCGj9.jpg,https://www.youtube.com/embed/2C8GzhSmsUA,9.60
20176251,내안의 그놈,2018,2019-01-09,"옥상에서 떨어진 고등학생 동현(진영)이 길을 가던 엘리트 아재 판수(박성웅)를 덮치면서 제대로 바뀐다!? 게다가 판수는 동현의 몸으로 첫사랑 미선(라미란)과 존재도 몰랐던 딸 현정(이수민)을 만나게 되는데… 대유잼의 향연, 넌 이미 웃고 있다!",10,강효진,15세이상관람가,"['오윤수', '박성웅', '진영', '라미란', '이수민', '이준혁', '김광규', '민지아', '윤경호', '김현목', '권혁범', '이호수', '김상겸', '조성희', '박경혜', '장진희', '박지훈', '정윤하', '정원창', '박신아']",https://image.tmdb.org/t/p/w780//ofhf0Tn7hnBtboiUEuVj5IZyD3g.jpg,https://image.tmdb.org/t/p/original//55CVreKs0xLar2kVo6xT8TjH4z1.jpg,https://www.youtube.com/embed/umtmOdsQhoY,8.18
20189463,주먹왕 랄프 2: 인터넷 속으로,2018,2018-11-20,"각종 사고를 치며 게임 속 세상을 뒤집어 놨던 절친 주먹왕 ‘랄프’와 ‘바넬로피’는  버려질 위기에 처한 오락기 부품을 구하기 위해 와이파이를 타고 인터넷 세상에 접속한다. 얼떨결에 올린 동영상으로 순식간에 핵인싸에 등극한 ‘랄프’와 툴도 트랙도 없는 스릴만점 슬로터 레이스 게임에 참여하게 된 ‘바넬로피’ 지금껏 경험한 적 없는 엄청난 스케일과 새로운 재미에 흠뻑 빠진  ‘랄프’와 ‘바넬로피’는 랜섬웨어급 사고로 인터넷 세상을 혼란에 빠뜨리는데…  과연, 이들은 무사히 집에 돌아갈 수 있을까?",12,리치 무어,전체관람가,"['존 C. 라일리', '사라 실버맨', '맨디 무어', '크리스틴 벨']",https://image.tmdb.org/t/p/w780//54HHWP4Sqz22yKGM68kRQXCXXxS.jpg,https://image.tmdb.org/t/p/original//88poTBTafMXaz73vYi3c74g0y2k.jpg,https://www.youtube.com/embed/oncO0SdY8pw,8.66
20182544,글래스,2018,2019-01-16,"틈틈이 도시의 수호자로 활약하며 지내던 데이빗은 납치범 케빈의 존재를 알게 된다. 두 사람은 서로의 비범한 능력을 알아보지만 대결을 마무리 짓기도 전에 엘리 스테이플 박사(사라 폴슨)에 의해 정신병원에 수감된다. 병원에는 두 사람 외에 미스터 글래스도 입원해 있다. 엘리 박사는 이들을 자신이 슈퍼히어로라 믿는 과대망상 환자로 치부한다. 그 와중에 글래스는 자신만의 계획을 실행에 옮긴다. 불행한 히어로 데이빗과 상처 깊은 안티 히어로 케빈의 대결을 부추기고, 슈퍼히어로의 존재를 세상에 알리고자 한다. 그러면서 자신은 배후의 설계자이자 창조자로 남으려 한다.",3,M. 나이트 샤말란,15세이상관람가,"['제임스 맥어보이', '브루스 윌리스', '사무엘 L. 잭슨', '안야 테일러 조이', '사라 폴슨']",https://image.tmdb.org/t/p/w780//jFcPLDPjphkW4P4b1JhGN2Ggthk.jpg,https://image.tmdb.org/t/p/original//ngBFDOsx13sFXiMweDoL54XYknR.jpg,https://www.youtube.com/embed/pxUxFJTGB8o,0.00
20186324,언더독,2018,2019-01-16,"주인에게 버려져 하루아침에 유기견이 된 뭉치는 폐허가 된 재개발 지역에 숨어사는 짱아 일행을 만나게 된다. ‘기다리라’는 주인의 거짓말을 믿고 싶었지만 결국 버려졌다는 현실을 받아들인 뭉치는 짱아들과의 생활에 익숙해져 가고, 어느 날 숲 속에서 야생성을 잃지 않고 살아가는 밤이 일행을 만나게 된다. 도시의 편리함에 익숙한 짱아 일행과 야생의 습성을 지키려는 밤이 일행, 같으면서도 서로 다른 이들은 철거와 잔혹한 개 사냥꾼을 피해 모두가 행복하게 살 수 있다는 ‘그곳’을 향해 모험을 떠나게 된다. 위험천만한 도로와 날카로운 철조망을 넘고 개 사냥꾼의 집요한 추격을 피해 조금씩 조금씩 북쪽 방향으로 향하던 그들은 아름다운 풀밭과 반딧불만이 가득하다는 ‘그곳’에 무사히 도착할 수 있을까?",12,이춘백,전체관람가,"['도경수', '박소담', '박철민', '강석', '이준혁', '연지원', '전숙경', '박중금']",https://image.tmdb.org/t/p/w780//wm6Ys8g5STFrSch0w2hEu4V1VqK.jpg,https://image.tmdb.org/t/p/original//RwZB6sJRnqu7PLOyB0ajVxkusq.jpg,https://www.youtube.com/embed/Xn7ur9jgaKU,9.31
20185485,보헤미안 랩소디,2018,2018-10-24,"공항 수하물 노동자로 일하며 음악의 꿈을 키우던 이민자 출신의 아웃사이더 파록 버사라. 보컬을 구하던 로컬 밴드에 들어가게 되면서 프레디 머큐리라는 이름으로 밴드 퀸을 이끌게 된다. 시대를 앞서가는 독창적인 음악과 화려한 퍼포먼스로 관중들을 사로잡으며 성장하던 퀸은 방송에서 외면을 받을 것이라는 음반사의 반대에도 불구하고 무려 6분 동안 이어지는 실험적인 곡 보헤미안 랩소디로 대성공을 거두며 월드스타 반열에 오른다. 그러나 독보적인 존재감을 뿜어내던 프레디는 솔로 데뷔라는 유혹에 흔들리게 되고, 오랜 시간 함께 해왔던 멤버들과 결별을 선언하게 되는데...",3,브라이언 싱어,12세이상관람가,"['라미 말렉', '조셉 마젤로', '마이크 마이어스', '루시 보인턴']",https://image.tmdb.org/t/p/w780//z0lKvIIJGzTBIa22aC0ZhxBxf23.jpg,https://image.tmdb.org/t/p/original//93xA62uLd5CwMOAs37eQ7vPc1iV.jpg,https://www.youtube.com/embed/XTZko22Ze3o,9.42
20189385,몬스터 파크,2018,2018-03-01,사람들의 발길이 끊기면서 폐쇄될 위기에 놓인 놀이공원. 할머니와의 추억을 되새기며 롤러코스터를 고치던 ‘테리’는 신비로운 마법의 왕국 ‘몬스터 파크’로 순간 이동을 하게 된다. 하지만 할머니가 들려주던 동화 속 세상과는 달리 이미 감정을 조종할 수 있는 마법사 ‘그럼프’의 우울마법에 빠져 모든 웃음과 행복을 빼앗긴 몬스터 파크. ‘테리’는 아름답지만 천방지축 말괄량이인 ‘새벽 공주’와 온통 우울함에 빠진 왕국을 구하기로 하는데… 과연 ‘테리’는 모두에게 웃음과 행복을 되찾아 주고 다시 자신의 세계로 돌아 갈 수 있을까?,12,안드레스 코투리어,전체관람가,['토드 레스닉'],https://image.tmdb.org/t/p/w780//tr6ZK1OGAc5f3v4oolSKcCCCee3.jpg,https://image.tmdb.org/t/p/original//4h2kxmvadQ8yMqnoiXskrclN7VM.jpg,,7.24
20180290,아쿠아맨,2018,2022-12-14,,8,제임스 완,12세이상관람가,"['제이슨 모모아', '앰버 허드', '니콜 키드먼', '패트릭 윌슨', '윌렘 데포', '돌프 룬드그렌']",https://image.tmdb.org/t/p/w780//fh34BfRhU8ifNBJSnCuEJIMxc7Y.jpg,https://image.tmdb.org/t/p/original/None,,10.00
20183915,극장판 공룡메카드: 타이니소어의 섬,2018,2019-01-03,작은 공룡을 채집해 거대화한 뒤 그를 이용해 세계를 지배하려는 악당과 맞서 싸워 타이니소어와 섬의 평화를 지키는 주인공들의 활약을 그린 애니메이션 영화,12,최신규,전체관람가,"['김서영', '엄상현', '안현서', '김장', '홍범기', '양정화', '여민정', '이장원', '한신', '서유리', '정선혜', '소정환', '김은아', '민승우', '심규혁', '정혜원', '홍진욱']",https://image.tmdb.org/t/p/w780//acIAMxmFS3YpWrWOcV4LgEd3UTF.jpg,https://image.tmdb.org/t/p/original//1sZSg6DFtFm1bgr51rgPlSBU3eN.jpg,https://www.youtube.com/embed/YH4GuvLXZko,9.14
20182588,미래의 미라이,2018,2018-07-20,"엄마와 아빠, 그리고 사랑스러운 강아지 ‘윳코’, 너무너무 좋아하는 기차 장난감들이 있는 나만을 위한 놀이방과 작은 정원. 세상 행복한 삶을 살고 있던 네 살 ‘쿤’에게, 첫 눈이 오던 날 동생 ‘미라이’가 찾아온다! 여동생과의 첫 만남, 신비로운 순간도 잠시… 부모님의 관심은 온통 ‘미라이’에게 향하고, ‘쿤’은 인생 최초 위기감(!)과 설움을 느끼게 된다. 그러던 어느 날 ‘쿤’에게 미래에서 온 소녀 ‘미라이’가 찾아오게 되는데! ‘쿤’의 작은 정원에서 아주 특별한 여행이 시작된다!",12,호소다 마모루,전체관람가,"['쿠로키 하루', '카미시라이시 모카', '야쿠쇼 코지', '후쿠야마 마사하루']",https://image.tmdb.org/t/p/w780//25Krk3cxX8fYmQpO16bUmAIHE6B.jpg,https://image.tmdb.org/t/p/original//wLal2P43d2v4AziqkB8i1E8FjAU.jpg,,6.03
20186281,범블비,2018,2018-12-15,"지속된 디셉티콘과의 전쟁에서 위기에 몰린 옵티머스 프라임은 중요한 임무를 가진 오토봇을 지구로 보낸다.  지구에 도착한 오토봇은 인간들에게 쫓기게 되고, 낡은 비틀로 변신해 폐차장에 은둔하던 중,  찰리라는 소녀에 의해 발견된다.  비틀을 수리하던 찰리는 자신의 낡은 자동차가 거대한 로봇으로 변신하는 놀라운 광경을 목격하고,  모든 기억이 사라진 그에게 ‘범블비’라는 이름을 지어주며 서로에게 특별한 존재가 되어간다.  하지만, 범블비의 정체를 파헤치려는 인간들과 그가 가진 비밀을 쫓는 디셉티콘의 추격과 압박은 점점 더 심해지는데…",8,트래비스 나이트,12세이상관람가,"['헤일리 스테인펠드', '파멜라 애들론', '존 시나', '피터 쿨렌', '케네스 최']",https://image.tmdb.org/t/p/w780//a1XTVjEiShbX1XE6Uvaho49gw3l.jpg,https://image.tmdb.org/t/p/original//17nDJQsGVim6oows2TlN98UacbO.jpg,https://www.youtube.com/embed/9MNHV5A7YLA,8.08
20170658,PMC: 더 벙커,2018,2018-12-26,"글로벌 군사기업(PMC) 블랙리저드의 캡틴 에이헵(하정우)은 미국 CIA의 의뢰로 거액의 프로젝트를 맡게 된다. 그러나 작전장소인 DMZ 지하 비밀벙커에는 약속된 타깃이 아닌 뜻밖의 인물, 북한 킹이 나타난다. 아시아 최고의 현상금이 걸린 킹, 그를 잡기 위해 캡틴 에이헵은 작전을 변경하고, 12인의 크루들과 함께 킹을 납치하는 데 성공한다. 하지만 또 다른 군사기업(PMC)의 기습과 미국 CIA의 폭격으로 함정에 빠져버린 에이헵과 블랙리저드팀. 결국 무너져버린 지하 비밀 벙커 안 부상을 입은 에이헵은 인질로 잡혀 있던 북한 최고의 엘리트 닥터 윤지의에게 도움을 요청하는데...",8,김병우,15세이상관람가,"['하정우', '이선균', '제니퍼 엘', '이상원', '민무제', '강신철', '손성찬']",https://image.tmdb.org/t/p/w780//ffGU97DKmfQWHqlOPHrmJadYb1D.jpg,https://image.tmdb.org/t/p/original//y5ul2qyntneMQTXmCQqfGtp8qVZ.jpg,https://www.youtube.com/embed/s5kHtN45nCM,5.20
20175547,스윙키즈,2018,2018-12-14,"새로 부임해 온 소장은 수용소의 대외적 이미지 메이킹을 위해 전쟁 포로들로 댄스단을 결성하는 프로젝트를 계획한다. 수용소 내 최고 트러블메이커 ‘로기수’(도경수), 무려 4개 국어가 가능한 무허가 통역사 ‘양판래’(박혜수), 잃어버린 아내를 찾기 위해 유명해져야 하는 사랑꾼 ‘강병삼’(오정세), 반전 댄스실력 갖춘 영양실조 춤꾼 ‘샤오팡’(김민호), 그리고 이들의 리더, 전직 브로드웨이 탭댄서 ‘잭슨’(자레드 그라임스)까지 우여곡절 끝에 한 자리에 모인 그들의 이름은 ‘스윙키즈’! 각기 다른 사연을 갖고 춤을 추게 된 그들에게 첫 데뷔 무대가 다가오지만, 국적, 언어, 이념, 춤 실력, 모든 것이 다른 오합지졸 댄스단의 앞날은 캄캄하기만 한데…",3,강형철,12세이상관람가,"['도경수', '박혜수', '자레드 그라임스', '오정세', '김민호', '강성호', '고창희', '김건우', '김동현', '김민재', '김수민', '김시원', '김유리', '김은주', '김종원', '김지수', '김지현', '김지혜', '김태윤', '김태형', '김하늘', '나경진', '박상필', '박준수', '신지훈', '안희진', '이동현', '이상훈', '이승철', '이승훈', '이승훈', '이재석', '이정현', '이태영', '장지훈', '전민정', '전재형', '최민우', '송재룡', '주해은', '박진주', '박형수', '이규성', '강길우', '김규백']",https://image.tmdb.org/t/p/w780//yjG6G1Mn9M2ZoAW9oAav7ZxCyW8.jpg,https://image.tmdb.org/t/p/original//zeXeSyTHwdbDwfz9CZcvCv1x5DI.jpg,https://www.youtube.com/embed/TgVA29SGUaY,8.37
20183785,점박이 한반도의 공룡2 : 새로운 낙원,2018,,,12,한상호,전체관람가,"['박희순', '라미란', '김성균', '김경진', '김재훈', '김흥래', '윤정화', '이민규', '이준호', '이호준', '최윤정', '김응수']",,,,9.13
20184187,언니,2018,2016-12-20,,8,임경택,청소년관람불가,"['이시영', '박세완', '이준혁', '최진호']",https://image.tmdb.org/t/p/w780//s1h6kr74MuJEWz3fl82NJVt7cnH.jpg,https://image.tmdb.org/t/p/original//prrUPAdSh7KLkOD3Hk8rfn6SF0p.jpg,,8.33
20182421,그린치,2018,2018-11-08,"모두가 행복한 크리스마스를 참을 수 없는 그린치는 크리스마스를 훔치기 위해 산타가 되기로 결심한다. 그린치는 만능집사 맥스, 덩치만 큰 소심 루돌프 프레드와 함께 슈퍼배드한 크리스마스 훔치기 대작전에 돌입하는데…",12,스콧 모시어,전체관람가,['베네딕트 컴버배치'],https://image.tmdb.org/t/p/w780//clJYtRBUhDtvKhPk2HNfXouviKF.jpg,https://image.tmdb.org/t/p/original//juc9wt7Eh2IarLL5S1yQ1a21O1A.jpg,,8.34
20168773,마약왕,2017,2018-12-19,"마약도 수출하면 애국이 되던 1970년대 대한민국, 하급 밀수업자였던 이두삼은 우연히 마약 밀수에 가담했다가 마약 제조와 유통 사업에 본능적으로 눈을 뜨게 되면서 사업에 뛰어든다. 뛰어난 눈썰미, 빠른 위기대처능력, 신이 내린 손재주로 단숨에 마약업을 장악한 이두삼. 사업적인 수완이 뛰어난 로비스트 김정아(배두나)가 합류하면서 그가 만든 마약은 '메이드인 코리아'라는 브랜드를 달게 된다. 마침내 이두삼은 대한민국을 넘어 아시아까지 세력을 확장하며 백색 황금의 시대를 열게 된다 한편, 마약으로 인해 세상은 점점 불안해지기 시작하고 승승장구하는 이두삼을 주시하는 한 사람 김인구(조정석)가 움직이기 시작하는데…",13,우민호,청소년관람불가,"['송강호', '조정석', '배두나', '김소진', '김대명', '이희준', '조우진', '이성민', '김홍파', '김근영', '강민석', '강민수', '김남우', '김동환', '김명희', '김시원', '김연주', '김우진', '김윤수', '김정호', '김주연', '김주영', '김주영', '김준한', '김준형', '김지은', '김형태', '김혜진', '김혜진', '류대식', '문상호', '박미희', '박선영', '송원종', '유승희', '윤세현', '이병희', '이선민', '이수정', '이수현', '이승진', '이승찬', '이시현', '이영태', '이영호', '이은주', '이주원', '이지혜', '이창훈', '이현정', '이호철', '정재원', '최준혁', '한동희', '한송희', '한지혜', '이봉련', '한창현', '박경혜', '안다정', '유재명', '이중옥', '이서환']",https://image.tmdb.org/t/p/w780//vXqDNIp7CrUpkcBc8eMBtDPch4J.jpg,https://image.tmdb.org/t/p/original//4PS3QS70Jt1WHhgYXGeogTUjl1G.jpg,https://www.youtube.com/embed/A4ewtUIqt88,6.33
20183479,극장판 짱구는 못말려: 아뵤! 쿵후 보이즈 ~라면 대란~,2018,,,12,타카하시 와타루,전체관람가,"['박영남', '강희선', '김환진', '여민정', '정유미', '정혜옥', '이용신', '한채언', '윤여진', '홍범기', '정혜원', '박리나', '김율', '이호산', '김현심']",,,,8.20
20183238,스파이더맨: 뉴 유니버스,2018,2022-04-08,,12,밥 퍼시케티,12세이상관람가,"['샤메익 무어', '헤일리 스테인펠드', '니콜라스 케이지', '제이크 존슨', '리브 슈라이버', '마허샬라 알리']",https://image.tmdb.org/t/p/w780//8jm5VdnAQe0VNR57rLAp9pSh9vw.jpg,https://image.tmdb.org/t/p/original/None,,9.21
20177552,국가부도의 날,2018,2018-11-28,"1997년, 대한민국 최고의 경제 호황을 믿어 의심치 않았던 그때, 곧 엄청난 경제 위기가 닥칠 것을 예견한 한국은행 통화정책팀장 ‘한시현’(김혜수)은 이 사실을 보고하고, 정부는 뒤늦게 국가부도 사태를 막기 위한 비공개 대책팀을 꾸린다.  한편, 곳곳에서 감지되는 위기의 시그널을 포착하고 과감히 사표를 던진 금융맨 ‘윤정학’(유아인)은 국가부도의 위기에 투자하는 역베팅을 결심, 투자자들을 모으기 시작한다. 이런 상황을 알 리 없는 작은 공장의 사장이자 평범한 가장 ‘갑수’(허준호)는 대형 백화점과의 어음 거래 계약서에 도장을 찍고 소박한 행복을 꿈꾼다.  국가부도까지 남은 시간 단 일주일.  대책팀 내부에서 위기대응 방식을 두고 시현과 ‘재정국 차관’(조우진)이 강하게 대립하는 가운데, 시현의 반대에도 불구하고 ‘IMF 총재’(뱅상 카셀)가 협상을 위해 비밀리에 입국하는데…  위기를 막으려는 사람과 위기에 베팅하는 사람,  그리고 회사와 가족을 지키려는 평범한 사람,  1997년, 서로 다른 선택을 했던 사람들의 이야기가 시작된다!",3,최국희,12세이상관람가,"['김혜수', '유아인', '허준호', '조우진', '뱅상 카셀', '이원희', '이은주', '손민석', '손영진', '이하윤', '김진구', '박경관', '박재민', '박재영', '박정민', '권훈', '김기현', '염혜란', '최준영', '조한철', '한창현', '엄효섭', '장성범', '동하', '박진주', '이양희', '손성찬', '전배수', '백도겸']",https://image.tmdb.org/t/p/w780//mJ6RDkZwBl94gcNSOsEm66ZYn91.jpg,https://image.tmdb.org/t/p/original//v59AFLOmtaOGt7njspkAXc65Ely.jpg,https://www.youtube.com/embed/vk9NsxK-a6g,8.14
20179230,도어락,2018,2018-12-05,"오피스텔에 혼자 살고 있는 평범한 직장인 경민(공효진). 퇴근 후 집에 돌아온 경민은 원룸의 도어락 덮개가 열려있는 것을 발견한다. 불안한 마음에 도어락 비밀번호를 변경해보지만 그날 밤, 잠들기 전 문 밖에서 들리는 소리 '삐-삐-삐-삐- 잘못 누르셨습니다'  공포감에 휩싸인 경민은 경찰에 신고를 하지만 그들은 경민의 잦은 신고를 귀찮아 할 뿐, 대수롭지 않게 여긴다. 그리고 얼마 뒤, 경민의 원룸에서 낯선 사람의 침입 흔적과 함께 의문의 살인 사건이 발생하고 자신도 안전하지 않음을 직감한 경민은 직접 사건의 실체를 쫓게 되는데..!",7,이권,15세이상관람가,"['공효진', '김예원', '김성오', '조복래', '이가섭', '이천희', '김동규', '김보경', '김유정', '김지한', '김지현', '백민준', '이상희', '이승창', '장효석', '한지은', '배유리', '배명진', '차엽']",https://image.tmdb.org/t/p/w780//AbQGbP8QsUse2LuEh0zkWwU14Pq.jpg,https://image.tmdb.org/t/p/original//joVyZRCxd22LFQWFKecyxQCaoYi.jpg,https://www.youtube.com/embed/Psh-atEcV0s,5.93
20183375,극장판 포켓몬스터 모두의 이야기,2018,2018-07-13,"바람 축제에 온 지우와 피카츄. 이브이를 찾는 리사와 새로 만난 친구들과 함께 하던 중, 갑자기 모든 바람이 사라지고 정체를 알 수 없는 검은 연기가 마을을 뒤덮는다. 사람과 포켓몬 모두가 위험해질 위기가 찾아오자, 바람을 되찾기 위해 지우와 피카츄, 리사와 이브이, 라르고, 카가치, 히스이, 토리토의 모두가 함께하는 기적 같은 이야기가 시작된다.",12,야지마 테츠오,전체관람가,,https://image.tmdb.org/t/p/w780//kFbN0FmDQGTt5q6HW3t7p1Yv8a3.jpg,https://image.tmdb.org/t/p/original//b1EKIjZWYAoC3WUk14012DX46Cb.jpg,https://www.youtube.com/embed/RZEw9x4Kihs,8.96
